442	CVV VVN VNE NEN ENN NND NDM DMR MRF	YLQPRTFLL
207	CAL ALS LSE SES ESM SME MEY EYG YGN GNK NKL KLV LVF	TTDPSFLGRY
174	CGT GTQ TQS QSS SSN SND NDY DYK YKL KLS LSF	TTDPSFLGRY
353	CAA AAS ASV SVI VIW IWG WGS GSS SSA SAS ASK SKI KII IIF	TTDPSFLGRY
491	CVV VVN VNN NNN NNN NND NDM DMR MRF	YLQPRTFLL
335	CAR ARG RGG GGA GAT ATN TNK NKL KLI LIF	TTDPSFLGRY
21	CAV AVR VRD RDW DWD WDQ DQF QFY FYF	LTDEMIAQY
121	CAV AVK VKD KDY DYG YGG GGS GSQ SQG QGN GNL NLI LIF	LTDEMIAQY
42	CAS ASA SAG AGG GGG GGN GNK NKL KLT LTF	LTDEMIAQY
187	CAM AMR MRA RAT ATG TGG GGF GFK FKT KTI TIF	TTDPSFLGRY
277	CAV AVP VPG PGR GRG RGY GYQ YQK QKV KVT VTF	TTDPSFLGRY
257	CAG AGQ GQL QLG LGT GTG TGN GNQ NQF QFY FYF	TTDPSFLGRY
590	CAL ALT LTY TYS YSG SGG GGY GYN YNK NKL KLI LIF	YLQPRTFLL
577	CAL ALY LYN YNT NTD TDK DKL KLI LIF	YLQPRTFLL
424	CAR ARM RMD MDS DSN SNY NYQ YQL QLI LIW	YLQPRTFLL
127	CAM AMR MRS RSN SNY NYQ YQL QLI LIW	LTDEMIAQY
407	CAF AFG FGD GDT DTG TGR GRR RRA RAL ALT LTF	YLQPRTFLL
397	CAV AVT VTN TNS NSN SNY NYQ YQL QLI LIW	YLQPRTFLL
159	CAM AMS MST STG TGN GNN NNA NAR ARL RLM LMF	TTDPSFLGRY
149	CAA AAS ASV SVG VGN GNN NNA NAR ARL RLM LMF	TTDPSFLGRY
560	CAG AGL GLN LND NDY DYK YKL KLS LSF	YLQPRTFLL
261	CVV VVN VNP NPL PLG LGS GSG SGG GGY GYN YNK NKL KLI LIF	TTDPSFLGRY
522	CAT ATP TPG PGG GGQ GQK QKL KLV LVF	YLQPRTFLL
300	CAM AMR MRE REP EPR PRS RSN SND NDY DYK YKL KLS LSF	TTDPSFLGRY
500	CVV VVN VNR NRR RRD RDD DDM DMR MRF	YLQPRTFLL
134	CAV AVL VLG LGV GVY VYN YNQ NQG QGG GGK GKL KLI LIF	TTDPSFLGRY
131	CAV AVR VRG RGG GGS GSG SGT GTY TYK YKY KYI YIF	LTDEMIAQY
550	CAA AAR ARE REG EGT GTG TGN GNQ NQF QFY FYF	YLQPRTFLL
58	CAG AGL GLN LNY NYG YGG GGS GSQ SQG QGN GNL NLI LIF	LTDEMIAQY
276	CAV AVP VPS PSY SYN YNT NTD TDK DKL KLI LIF	TTDPSFLGRY
548	CVV VVN VNN NNA NAD ADK DKL KLI LIF	YLQPRTFLL
177	CAM AMR MRD RDA DAG AGG GGG GGA GAD ADG DGL GLT LTF	TTDPSFLGRY
274	CAA AAV AVG VGG GGY GYQ YQK QKV KVT VTF	TTDPSFLGRY
194	CAT ATG TGG GGD GDS DSG SGA GAG AGS GSY SYQ YQL QLT LTF	TTDPSFLGRY
481	CAA AAS ASG SGG GGG GGG GGG GGA GAD ADG DGL GLT LTF	YLQPRTFLL
394	CVV VVN VNR NRY RYD YDG DGL GLT LTF	YLQPRTFLL
366	CAT ATD TDG DGG GGY GYK YKL KLS LSF	TTDPSFLGRY
528	CAA AAS ASN SNS NSQ SQE QET ETS TSG SGS GSR SRL RLT LTF	YLQPRTFLL
546	CAV AVS VSG SGG GGG GGA GAD ADG DGL GLT LTF	YLQPRTFLL
338	CAV AVR VRS RSS SSG SGG GGS GSY SYI YIP IPT PTF	TTDPSFLGRY
232	CAA AAS ASA SAG AGP GPI PIG IGF GFG FGN GNV NVL VLH LHC	TTDPSFLGRY
268	CGT GTG TGL GLA LAY AYN YNN NND NDM DMR MRF	TTDPSFLGRY
137	CAM AMR MRD RDT DTG TGR GRR RRA RAL ALT LTF	TTDPSFLGRY
331	CAV AVP VPF PFS FSG SGG GGY GYN YNK NKL KLI LIF	TTDPSFLGRY
462	CAA AAI AIN IND NDY DYK YKL KLS LSF	YLQPRTFLL
157	CAA AAG AGA GAG AGT GTA TAS ASK SKL KLT LTF	TTDPSFLGRY
19	CAA AAE AEA EAA AAG AGN GNK NKL KLT LTF	LTDEMIAQY
502	CAA AAI AIG IGA GAD ADG DGL GLT LTF	YLQPRTFLL
553	CAG AGN GNQ NQG QGG GGK GKL KLI LIF	YLQPRTFLL
447	CAC ACN CNA NAG AGN GNM NML MLT LTF	YLQPRTFLL
254	CVV VVS VSD SDQ DQE QEG EGA GAQ AQK QKL KLV LVF	TTDPSFLGRY
294	CAV AVV VVP VPT PTF TFG FGG GGS GSY SYI YIP IPT PTF	TTDPSFLGRY
330	CAA AAS ASV SVG VGV GVN VNF NFN FNK NKF KFY FYF	TTDPSFLGRY
198	CAV AVA VAP APS PSL SLG LGF GFG FGN GNV NVL VLH LHC	TTDPSFLGRY
334	CIL ILR LRG RGG GGG GGG GGT GTS TSY SYG YGK GKL KLT LTF	TTDPSFLGRY
206	CAA AAS ASS SSG SGN GNT NTG TGK GKL KLI LIF	TTDPSFLGRY
404	CAV AVS VSR SRS RSR SRG RGG GGF GFG FGN GNV NVL VLH LHC	YLQPRTFLL
507	CAG AGG GGS GSQ SQG QGN GNL NLI LIF	YLQPRTFLL
35	CAA AAN ANS NSG SGY GYA YAL ALN LNF	LTDEMIAQY
465	CAM AMR MRE REG EGN GNN NNY NYG YGQ GQN QNF NFV FVF	YLQPRTFLL
247	CAM AMR MRE REG EGS GSG SGG GGF GFG FGN GNV NVL VLH LHC	TTDPSFLGRY
508	CVV VVN VNR NRN RNN NND NDM DMR MRF	YLQPRTFLL
22	CAL ALS LSN SNA NAG AGG GGT GTS TSY SYG YGK GKL KLT LTF	LTDEMIAQY
518	CAG AGQ GQR QRG RGK GKL KLI LIF	YLQPRTFLL
307	CAT ATG TGF GFS FSG SGG GGY GYN YNK NKL KLI LIF	TTDPSFLGRY
6	CAA AAN ANS NSG SGY GYA YAL ALN LNF	LTDEMIAQY
70	CAL ALS LSP SPP PPG PGS GSR SRL RLT LTF	LTDEMIAQY
583	CAV AVR VRD RDS DSN SNY NYQ YQL QLI LIW	YLQPRTFLL
139	CAL ALS LSA SAG AGN GNQ NQF QFY FYF	TTDPSFLGRY
278	CAA AAP APP PPY PYS YSG SGA GAG AGS GSY SYQ YQL QLT LTF	TTDPSFLGRY
88	CAF AFM FMR MRG RGD GDG DGQ GQK QKL KLL LLF	LTDEMIAQY
562	CVV VVN VNR NRY RYD YDD DDM DMR MRF	YLQPRTFLL
541	CAV AVR VRD RDR DRG RGS GSQ SQG QGN GNL NLI LIF	YLQPRTFLL
138	CAS ASP SPN PNY NYG YGN GNM NML MLT LTF	TTDPSFLGRY
348	CAL ALP LPA PAY AYT YTD TDK DKL KLI LIF	TTDPSFLGRY
584	CVV VVN VNK NKM KMD MDD DDM DMR MRF	YLQPRTFLL
523	CVV VVN VNN NNN NNN NND NDM DMR MRF	YLQPRTFLL
41	CAV AVN VNV NVG VGG GGG GGS GSN SNY NYK YKL KLT LTF	LTDEMIAQY
422	CAA AAS ASK SKG KGT GTG TGF GFQ FQK QKL KLV LVF	YLQPRTFLL
552	CVV VVN VNN NNN NNN NND NDM DMR MRF	YLQPRTFLL
104	CAT ATP TPR PRS RSG SGG GGS GSY SYI YIP IPT PTF	LTDEMIAQY
103	CAH AHA HAG AGG GGT GTS TSY SYG YGK GKL KLT LTF	LTDEMIAQY
111	CAG AGG GGH GHT HTP TPL PLV LVF	LTDEMIAQY
359	CAL ALS LSE SEA EAL ALG LGA GAA AAG AGN GNK NKL KLT LTF	TTDPSFLGRY
558	CAL ALG LGG GGS GSN SND NDY DYK YKL KLS LSF	YLQPRTFLL
530	CVV VVN VNK NKE KEN ENN NNL NLF LFF	YLQPRTFLL
263	CAP APH PHR HRR RRE REA EAG AGG GGS GSY SYI YIP IPT PTF	TTDPSFLGRY
133	CAL ALV LVP VPN PNA NAR ARL RLM LMF	TTDPSFLGRY
475	CGG GGN GNR NRD RDD DDK DKI KII IIF	YLQPRTFLL
72	CAV AVG VGG GGG GGA GAD ADG DGL GLT LTF	LTDEMIAQY
336	CAA AAS ASA SAE AEG EGN GNT NTG TGK GKL KLI LIF	TTDPSFLGRY
82	CAV AVR VRG RGG GGQ GQK QKL KLL LLF	LTDEMIAQY
343	CAV AVD VDI DIR IRN RNS NSG SGY GYA YAL ALN LNF	TTDPSFLGRY
242	CAV AVL VLG LGG GGG GGG GGA GAD ADG DGL GLT LTF	TTDPSFLGRY
464	CVV VVN VNS NSA SAD ADK DKL KLI LIF	YLQPRTFLL
226	CAV AVP VPT PTD TDS DSW SWG WGK GKL KLQ LQF	TTDPSFLGRY
13	CAV AVN VNS NSG SGG GGS GSN SNY NYK YKL KLT LTF	LTDEMIAQY
545	CAQ AQD QDG DGQ GQN QNF NFV FVF	YLQPRTFLL
230	CAP APP PPD PDS DSS SSY SYK YKL KLI LIF	TTDPSFLGRY
65	CAV AVR VRG RGG GGS GSG SGT GTY TYK YKY KYI YIF	LTDEMIAQY
381	CAL ALN LNT NTG TGN GNQ NQF QFY FYF	TTDPSFLGRY
128	CAV AVR VRG RGG GGD GDM DMR MRF	LTDEMIAQY
270	CAL ALN LNN NNA NAG AGN GNM NML MLT LTF	TTDPSFLGRY
582	CAP APN PNA NAG AGG GGT GTS TSY SYG YGK GKL KLT LTF	YLQPRTFLL
298	CAA AAV AVG VGP GPT PTG TGT GTA TAS ASK SKL KLT LTF	TTDPSFLGRY
557	CVV VVN VND NDG DGN GND NDM DMR MRF	YLQPRTFLL
386	CAV AVR VRG RGT GTG TGR GRR RRA RAL ALT LTF	YLQPRTFLL
466	CVV VVN VNR NRE RED EDM DML MLT LTF	YLQPRTFLL
405	CVV VVN VNQ NQA QAD ADK DKL KLS LSF	YLQPRTFLL
540	CAA AAS ASV SVG VGS GSN SNN NNN NND NDM DMR MRF	YLQPRTFLL
284	CAL ALS LSG SGA GAG AGN GNQ NQF QFY FYF	TTDPSFLGRY
362	CVV VVN VNP NPV PVT VTG TGN GNT NTP TPL PLV LVF	TTDPSFLGRY
423	CVV VVN VNG NGG GGD GDK DKI KII IIF	YLQPRTFLL
214	CAA AAS ASE SEG EGN GNQ NQF QFY FYF	TTDPSFLGRY
361	CAV AVV VVF VFS FSG SGG GGY GYN YNK NKL KLI LIF	TTDPSFLGRY
352	CAM AMS MSH SHS HSG SGA GAG AGS GSY SYQ YQL QLT LTF	TTDPSFLGRY
310	CLV LVG VGD GDI DIP IPP PPM PMK MKL KLI LIF	TTDPSFLGRY
3	CAV AVP VPG PGN GNN NND NDM DMR MRF	LTDEMIAQY
47	CAA AAR ARE REI EIG IGN GNQ NQF QFY FYF	LTDEMIAQY
59	CAG AGR GRT RTN TNA NAG AGK GKS KST STF	LTDEMIAQY
164	CAV AVR VRS RSN SNF NFG FGN GNE NEK EKL KLT LTF	TTDPSFLGRY
217	CAM AMR MRD RDW DWA WAL ALT LTG TGG GGG GGN GNK NKL KLT LTF	TTDPSFLGRY
513	CVV VVN VNG NGA GAD ADK DKL KLI LIF	YLQPRTFLL
116	CAV AVR VRY RYR YRG RGS GST STL TLG LGR GRL RLY LYF	LTDEMIAQY
430	CAA AAS ASI SIK IKA KAG AGS GSA SAR ARQ RQL QLT LTF	YLQPRTFLL
445	CVV VVN VND NDL DLD LDK DKL KLI LIF	YLQPRTFLL
515	CVV VVT VTG TGG GGG GGN GNK NKL KLT LTF	YLQPRTFLL
56	CAG AGN GNA NAG AGN GNM NML MLT LTF	LTDEMIAQY
411	CAV AVN VNG NGL GLG LGM GMG MGG GGG GGA GAD ADG DGL GLT LTF	YLQPRTFLL
211	CAA AAR ARR RRW RWA WAI AIG IGA GAG AGK GKS KST STF	TTDPSFLGRY
357	CAP APF PFS FSG SGG GGY GYQ YQK QKV KVT VTF	TTDPSFLGRY
86	CGR GRG RGA GAQ AQK QKL KLV LVF	LTDEMIAQY
511	CVV VVN VNR NRD RDD DDK DKI KII IIF	YLQPRTFLL
578	CAM AMR MRG RGV GVS VSG SGF GFG FGN GNE NEK EKL KLT LTF	YLQPRTFLL
471	CAA AAS ASG SGM GMD MDT DTG TGR GRR RRA RAL ALT LTF	YLQPRTFLL
119	CAE AEI EIP IPS PSG SGN GNT NTP TPL PLV LVF	LTDEMIAQY
107	CAL ALT LTN TNA NAG AGG GGT GTS TSY SYG YGK GKL KLT LTF	LTDEMIAQY
251	CAM AMS MSA SAP APE PEY EYS YSS SSA SAS ASK SKI KII IIF	TTDPSFLGRY
332	CAL ALD LDV DVS VSG SGS GSA SAR ARQ RQL QLT LTF	TTDPSFLGRY
272	CAV AVN VNS NSG SGG GGY GYQ YQK QKV KVT VTF	TTDPSFLGRY
525	CAT ATD TDD DDR DRG RGA GAQ AQK QKL KLV LVF	YLQPRTFLL
444	CAA AAF AFF FFK FKT KTQ TQG QGG GGS GSE SEK EKL KLV LVF	YLQPRTFLL
432	CAA AAM AMI MIY IYS YSG SGA GAG AGS GSY SYQ YQL QLT LTF	YLQPRTFLL
235	CIV IVR VRV RVG VGG GGD GDS DSW SWG WGK GKL KLQ LQF	TTDPSFLGRY
440	CVV VVN VNN NNN NNN NND NDM DMR MRF	YLQPRTFLL
191	CAL ALS LSD SDQ DQR QRA RAA AAG AGN GNK NKL KLT LTF	TTDPSFLGRY
563	CVV VVN VNA NAP APS PSG SGN GNT NTP TPL PLV LVF	YLQPRTFLL
586	CAV AVP VPH PHP HPS PSN SNF NFG FGN GNE NEK EKL KLT LTF	YLQPRTFLL
373	CAV AVS VSG SGY GYG YGN GNK NKL KLV LVF	TTDPSFLGRY
32	CAL ALR LRI RIY IYN YNQ NQG QGG GGK GKL KLI LIF	LTDEMIAQY
267	CAT ATD TDP DPT PTL TLN LNT NTG TGN GNQ NQF QFY FYF	TTDPSFLGRY
122	CAV AVQ VQG QGG GGA GAL ALI LIG IGG GGA GAT ATN TNK NKL KLI LIF	LTDEMIAQY
123	CAV AVV VVR VRS RSG SGT GTY TYK YKY KYI YIF	LTDEMIAQY
401	CVV VVK VKN KNR NRD RDD DDK DKI KII IIF	YLQPRTFLL
20	CAA AAS ASG SGG GGA GAQ AQK QKL KLV LVF	LTDEMIAQY
44	CAF AFM FMK MKP KPK PKN KNY NYG YGG GGS GSQ SQG QGN GNL NLI LIF	LTDEMIAQY
196	CAV AVT VTD TDS DSN SNY NYQ YQL QLI LIW	TTDPSFLGRY
67	CAV AVG VGA GAY AYN YNQ NQG QGG GGK GKL KLI LIF	LTDEMIAQY
90	CAM AMR MRE REG EGP GPG PGA GAG AGS GSY SYQ YQL QLT LTF	LTDEMIAQY
454	CVV VVN VNN NNN NNN NND NDM DMR MRF	YLQPRTFLL
315	CAL ALS LSD SDY DYS YSS SSG SGG GGS GSY SYI YIP IPT PTF	TTDPSFLGRY
264	CAL ALP LPL PLG LGE GED EDK DKI KII IIF	TTDPSFLGRY
337	CAV AVA VAG AGR GRN RNT NTG TGR GRR RRA RAL ALT LTF	TTDPSFLGRY
223	CAM AMD MDP DPL PLT LTG TGG GGG GGN GNK NKL KLT LTF	TTDPSFLGRY
17	CIV IVR VRV RVF VFR FRK RKK KKG KGQ GQN QNF NFV FVF	LTDEMIAQY
5	CAA AAN ANT NTG TGN GNQ NQF QFY FYF	LTDEMIAQY
498	CAA AAS ASG SGL GLK LKM KMD MDS DSS SSY SYK YKL KLI LIF	YLQPRTFLL
275	CAA AAL ALN LNT NTG TGN GNQ NQF QFY FYF	TTDPSFLGRY
151	CAV AVR VRD RDN DNR NRD RDD DDY DYK YKL KLS LSF	TTDPSFLGRY
488	CAV AVS VSW SWG WGN GNT NTD TDK DKL KLI LIF	YLQPRTFLL
564	CAA AAY AYS YSG SGG GGG GGA GAD ADG DGL GLT LTF	YLQPRTFLL
385	CAL ALS LSE SEA EAD ADR DRD RDD DDK DKI KII IIF	TTDPSFLGRY
505	CAA AAS ASL SLN LNN NNF NFN FNK NKF KFY FYF	YLQPRTFLL
571	CVN VNM NMD MDS DSN SNY NYQ YQL QLI LIW	YLQPRTFLL
244	CLV LVG VGD GDT DTG TGT GTG TGG GGF GFK FKT KTI TIF	TTDPSFLGRY
347	CAM AMR MRG RGG GGA GAG AGS GSY SYQ YQL QLT LTF	TTDPSFLGRY
249	CAE AEW EWT WTG TGG GGY GYQ YQK QKV KVT VTF	TTDPSFLGRY
356	CAL ALN LNA NAG AGN GNM NML MLT LTF	TTDPSFLGRY
55	CVV VVN VNA NAR ARG RGY GYD YDK DKV KVI VIF	LTDEMIAQY
49	CAF AFM FMK MKL KLY LYN YNF NFN FNK NKF KFY FYF	LTDEMIAQY
243	CAA AAS ASI SIG IGY GYS YST STL TLT LTF	TTDPSFLGRY
504	CVV VVN VND NDG DGN GNK NKL KLV LVF	YLQPRTFLL
434	CAF AFA FAR ARN RNT NTG TGG GGF GFK FKT KTI TIF	YLQPRTFLL
53	CAV AVN VNM NMQ MQS QSN SND NDY DYK YKL KLS LSF	LTDEMIAQY
102	CAV AVR VRG RGG GGS GSG SGT GTY TYK YKY KYI YIF	LTDEMIAQY
158	CAF AFS FSS SSG SGN GNT NTP TPL PLV LVF	TTDPSFLGRY
110	CAV AVN VNT NTG TGN GNQ NQF QFY FYF	LTDEMIAQY
290	CAA AAS ASR SRS RSG SGN GNE NEK EKL KLT LTF	TTDPSFLGRY
193	CIV IVR VRA RAL ALL LLG LGG GGY GYQ YQK QKV KVT VTF	TTDPSFLGRY
69	CAM AMR MRS RSN SNY NYQ YQL QLI LIW	LTDEMIAQY
437	CVV VVN VNR NRN RNN NND NDM DMR MRF	YLQPRTFLL
43	CAA AAL ALF LFT FTG TGG GGG GGN GNK NKL KLT LTF	LTDEMIAQY
439	CVV VVN VNI NID IDT DTD TDK DKL KLI LIF	YLQPRTFLL
216	CAM AMR MRV RVW VWG WGN GNN NNN NND NDM DMR MRF	TTDPSFLGRY
449	CAV AVR VRD RDL DLN LNM NMD MDT DTG TGR GRR RRA RAL ALT LTF	YLQPRTFLL
329	CAV AVP VPN PNF NFG FGN GNE NEK EKL KLT LTF	TTDPSFLGRY
358	CAL ALS LST STS TSQ SQG QGN GNL NLI LIF	TTDPSFLGRY
495	CVV VVN VNS NSD SDT DTD TDK DKL KLI LIF	YLQPRTFLL
210	CAM AMI MIQ IQY QYN YNN NNN NND NDM DMR MRF	TTDPSFLGRY
568	CAA AAS ASE SEG EGG GGG GGS GST STL TLG LGR GRL RLY LYF	YLQPRTFLL
239	CAG AGQ GQS QSN SNQ NQF QFY FYF	TTDPSFLGRY
480	CAF AFF FFP FPR PRS RSS SST STL TLG LGR GRL RLY LYF	YLQPRTFLL
409	CAL ALR LRP RPS PSE SET ETS TSG SGS GSR SRL RLT LTF	YLQPRTFLL
400	CAV AVN VNE NEE EED EDK DKI KII IIF	YLQPRTFLL
269	CAL ALS LSG SGT GTG TGN GNQ NQF QFY FYF	TTDPSFLGRY
587	CVV VVN VNN NNP NPD PDS DSG SGY GYA YAL ALN LNF	YLQPRTFLL
399	CAV AVQ VQD QDL DLG LGT GTS TSG SGS GSR SRL RLT LTF	YLQPRTFLL
302	CAV AVK VKL KLK LKR KRR RRG RGQ GQN QNF NFV FVF	TTDPSFLGRY
527	CAF AFG FGP GPS PSF SFN FNN NND NDM DMR MRF	YLQPRTFLL
165	CAL ALM LMT MTG TGN GNQ NQF QFY FYF	TTDPSFLGRY
520	CAL ALS LSG SGL GLI LIQ IQG QGG GGS GSE SEK EKL KLV LVF	YLQPRTFLL
355	CVV VVG VGT GTG TGF GFQ FQK QKL KLV LVF	TTDPSFLGRY
572	CVV VVN VNK NKE KED EDD DDM DMR MRF	YLQPRTFLL
529	CAE AEK EKR KRS RSS SSG SGD GDK DKL KLT LTF	YLQPRTFLL
271	CAE AEV EVN VNG NGG GGS GSQ SQG QGN GNL NLI LIF	TTDPSFLGRY
91	CAV AVS VSP SPS PSE SEG EGT GTY TYK YKY KYI YIF	LTDEMIAQY
120	CAM AMR MRD RDN DNY NYQ YQL QLI LIW	LTDEMIAQY
54	CAI AIR IRN RNN NNY NYQ YQL QLI LIW	LTDEMIAQY
142	CAM AME MET ETG TGN GNQ NQF QFY FYF	TTDPSFLGRY
99	CAV AVS VSL SLL LLN LNS NSG SGG GGS GSN SNY NYK YKL KLT LTF	LTDEMIAQY
579	CAV AVG VGS GSA SAK AKG KGS GST STG TGA GAN ANN NNL NLF LFF	YLQPRTFLL
360	CAL ALS LSE SEA EAQ AQY QYN YNN NND NDM DMR MRF	TTDPSFLGRY
118	CAV AVR VRG RGG GGS GSG SGT GTY TYK YKY KYI YIF	LTDEMIAQY
368	CAG AGP GPK PKN KNT NTG TGN GNQ NQF QFY FYF	TTDPSFLGRY
147	CLV LVG VGD GDP DPR PRG RGG GGY GYN YNK NKL KLI LIF	TTDPSFLGRY
188	CAF AFK FKG KGG GGT GTS TSY SYG YGK GKL KLT LTF	TTDPSFLGRY
479	CAG AGG GGD GDN DNF NFN FNK NKF KFY FYF	YLQPRTFLL
154	CAR ARK RKG KGG GGS GST STD TDK DKL KLI LIF	TTDPSFLGRY
166	CAA AAN ANR NRN RNN NNN NNA NAR ARL RLM LMF	TTDPSFLGRY
135	CAP APA PAV AVY VYN YNF NFN FNK NKF KFY FYF	TTDPSFLGRY
345	CAT ATD TDA DAN ANY NYG YGQ GQN QNF NFV FVF	TTDPSFLGRY
106	CAL ALR LRH RHG HGG GGA GAT ATN TNK NKL KLI LIF	LTDEMIAQY
173	CAA AAS ASD SDG DGF GFG FGN GNE NEK EKL KLT LTF	TTDPSFLGRY
289	CAG AGQ GQP QPA PAG AGT GTA TAL ALI LIF	TTDPSFLGRY
458	CAV AVN VNG NGL GLS LSG SGG GGG GGA GAD ADG DGL GLT LTF	YLQPRTFLL
340	CAT ATD TDG DGD GDS DSG SGY GYA YAL ALN LNF	TTDPSFLGRY
201	CAL ALM LMG MGS GSQ SQG QGN GNL NLI LIF	TTDPSFLGRY
266	CAV AVA VAT ATD TDS DSW SWG WGK GKL KLQ LQF	TTDPSFLGRY
526	CAV AVI VIG IGG GGS GSQ SQG QGN GNL NLI LIF	YLQPRTFLL
197	CAA AAS ASG SGG GGF GFG FGN GNE NEK EKL KLT LTF	TTDPSFLGRY
12	CAL ALS LSD SDP DPR PRG RGG GGS GSE SEK EKL KLV LVF	LTDEMIAQY
265	CAM AMR MRE REF EFS FSN SND NDY DYK YKL KLS LSF	TTDPSFLGRY
342	CVL VLR LRD RDA DAG AGN GNM NML MLT LTF	TTDPSFLGRY
538	CAV AVE VEV EVY VYS YSG SGG GGG GGA GAD ADG DGL GLT LTF	YLQPRTFLL
459	CAV AVR VRP RPW PWG WGN GNQ NQF QFY FYF	YLQPRTFLL
96	CAV AVR VRP RPG PGT GTY TYK YKY KYI YIF	LTDEMIAQY
50	CAA AAS ASL SLD LDS DSS SSA SAS ASK SKI KII IIF	LTDEMIAQY
415	CAV AVT VTR TRR RRD RDN DNT NTD TDK DKL KLI LIF	YLQPRTFLL
16	CAV AVN VND NDA DAG AGG GGT GTS TSY SYG YGK GKL KLT LTF	LTDEMIAQY
510	CAA AAM AMN MNY NYG YGG GGS GSQ SQG QGN GNL NLI LIF	YLQPRTFLL
457	CVV VVN VNG NGN GNT NTD TDK DKL KLI LIF	YLQPRTFLL
202	CAG AGG GGA GAD ADK DKL KLI LIF	TTDPSFLGRY
581	CAV AVR VRP RPF PFL FLL LLS LSG SGG GGY GYN YNK NKL KLI LIF	YLQPRTFLL
227	CVV VVN VNA NAP APR PRF RFW FWT WTG TGG GGY GYQ YQK QKV KVT VTF	TTDPSFLGRY
81	CAV AVR VRD RDE DED EDD DDK DKI KII IIF	LTDEMIAQY
117	CAM AMR MRE REA EAD ADS DSS SSG SGS GSA SAR ARQ RQL QLT LTF	LTDEMIAQY
218	CAV AVR VRS RSR SRG RGN GNN NNR NRL RLA LAF	TTDPSFLGRY
33	CAV AVS VSH SHS HSG SGG GGS GSN SNY NYK YKL KLT LTF	LTDEMIAQY
328	CAV AVS VSA SAI AIS ISN SNF NFG FGN GNE NEK EKL KLT LTF	TTDPSFLGRY
324	CAL ALS LSG SGT GTG TGN GNQ NQF QFY FYF	TTDPSFLGRY
241	CAV AVR VRD RDR DRM RMN MNR NRD RDD DDK DKI KII IIF	TTDPSFLGRY
204	CAM AMS MSA SAR ARS RSG SGY GYS YST STL TLT LTF	TTDPSFLGRY
78	CAN ANG NGE GEG EGS GSQ SQG QGN GNL NLI LIF	LTDEMIAQY
486	CVV VVN VNM NME MED EDK DKL KLV LVF	YLQPRTFLL
392	CAV AVS VSD SDS DSN SNY NYQ YQL QLI LIW	YLQPRTFLL
417	CVV VVN VNE NEA EAD ADK DKL KLI LIF	YLQPRTFLL
160	CRG RGN GNK NKL KLV LVF	TTDPSFLGRY
512	CAL ALS LSG SGG GGS GSS SSN SNT NTG TGK GKL KLI LIF	YLQPRTFLL
484	CAV AVG VGL GLT LTW TWG WGK GKL KLQ LQF	YLQPRTFLL
45	CAV AVR VRG RGS GSP SPG PGT GTY TYK YKY KYI YIF	LTDEMIAQY
26	CAY AYR YRS RSS SSN SNY NYQ YQL QLI LIW	LTDEMIAQY
472	CAV AVS VSD SDR DRN RNT NTN TNA NAG AGK GKS KST STF	YLQPRTFLL
393	CVV VVN VNR NRD RDD DDK DKI KII IIF	YLQPRTFLL
285	CAL ALG LGG GGS GSQ SQG QGN GNL NLI LIF	TTDPSFLGRY
195	CIP IPD PDY DYG YGG GGS GSQ SQG QGN GNL NLI LIF	TTDPSFLGRY
413	CVV VVN VNK NKE KED EDD DDM DMR MRF	YLQPRTFLL
94	CAK AKY KYN YNF NFN FNK NKF KFY FYF	LTDEMIAQY
87	CAG AGP GPR PRN RNA NAG AGN GNM NML MLT LTF	LTDEMIAQY
363	CAL ALD LDV DVI VIT ITG TGG GGG GGN GNK NKL KLT LTF	TTDPSFLGRY
565	CAL ALS LSN SND NDY DYK YKL KLS LSF	YLQPRTFLL
31	CAV AVR VRD RDG DGG GGF GFG FGN GNV NVL VLH LHC	LTDEMIAQY
236	CIL ILP LPL PLL LLG LGG GGT GTS TSY SYG YGK GKL KLT LTF	TTDPSFLGRY
282	CAA AAT ATP TPG PGS GSN SNY NYK YKL KLT LTF	TTDPSFLGRY
304	CGP GPG PGG GGY GYN YNK NKL KLI LIF	TTDPSFLGRY
9	CAV AVR VRG RGG GGS GSG SGT GTY TYK YKY KYI YIF	LTDEMIAQY
351	CAV AVP VPA PAG AGT GTA TAL ALI LIF	TTDPSFLGRY
71	CGA GAD ADT DTA TAI AIQ IQG QGA GAQ AQK QKL KLV LVF	LTDEMIAQY
382	CAL ALH LHD HDY DYK YKL KLS LSF	TTDPSFLGRY
395	CVV VVN VNT NTG TGL GLT LTG TGG GGG GGN GNK NKL KLT LTF	YLQPRTFLL
209	CAF AFP FPN PNR NRA RAG AGG GGT GTS TSY SYG YGK GKL KLT LTF	TTDPSFLGRY
503	CVV VVN VNN NNN NNN NND NDM DMR MRF	YLQPRTFLL
419	CAV AVN VNR NRD RDD DDK DKI KII IIF	YLQPRTFLL
29	CVV VVN VNI NIG IGS GST STL TLT LTF	LTDEMIAQY
215	CAV AVH VHS HSG SGY GYS YST STL TLT LTF	TTDPSFLGRY
296	CAV AVP VPS PSF SFG FGN GNE NEK EKL KLT LTF	TTDPSFLGRY
574	CAT ATE TEE EET ETS TSG SGS GSR SRL RLT LTF	YLQPRTFLL
38	CVF VFY FYQ YQG QGG GGK GKL KLI LIF	LTDEMIAQY
450	CVV VVN VNG NGL GLI LIN INN NNA NAG AGN GNM NML MLT LTF	YLQPRTFLL
455	CVV VVN VNS NSF SFD FDK DKL KLI LIF	YLQPRTFLL
51	CAT ATD TDY DYR YRG RGG GGQ GQK QKL KLL LLF	LTDEMIAQY
317	CAV AVD VDP DPS PSN SNS NSG SGY GYA YAL ALN LNF	TTDPSFLGRY
468	CAG AGL GLN LNY NYG YGG GGS GSQ SQG QGN GNL NLI LIF	YLQPRTFLL
473	CVV VVN VNR NRV RVD VDG DGY GYA YAL ALN LNF	YLQPRTFLL
326	CAL ALS LSE SED EDG DGT GTG TGG GGF GFK FKT KTI TIF	TTDPSFLGRY
418	CVV VVN VNR NRA RAD ADK DKL KLV LVF	YLQPRTFLL
240	CAL ALS LSG SGN GNT NTD TDK DKL KLI LIF	TTDPSFLGRY
496	CAV AVN VNT NTG TGF GFQ FQK QKL KLV LVF	YLQPRTFLL
354	CLP LPK PKY KYN YNT NTD TDK DKL KLI LIF	TTDPSFLGRY
428	CAV AVN VNS NSA SAD ADK DKL KLI LIF	YLQPRTFLL
501	CVV VVN VND NDR DRD RDR DRL RLM LMF	YLQPRTFLL
311	CGA GAN ANG NGA GAN ANN NNL NLF LFF	TTDPSFLGRY
535	CAV AVN VNG NGF GFS FSG SGG GGY GYN YNK NKL KLI LIF	YLQPRTFLL
280	CAM AMS MSL SLG LGS GSF SFG FGN GNV NVL VLH LHC	TTDPSFLGRY
580	CIV IVR VRS RSD SDY DYK YKL KLS LSF	YLQPRTFLL
10	CAG AGR GRS RSN SNA NAG AGK GKS KST STF	LTDEMIAQY
410	CAM AMR MRE RET ETN TNF NFG FGN GNE NEK EKL KLT LTF	YLQPRTFLL
144	CAV AVQ VQR QRP RPP PPT PTD TDS DSW SWG WGK GKL KLQ LQF	TTDPSFLGRY
295	CAM AMR MRE REP EPW PWL WLL LLT LTG TGG GGG GGN GNK NKL KLT LTF	TTDPSFLGRY
483	CAV AVS VSF SFQ FQT QTG TGA GAN ANN NNL NLF LFF	YLQPRTFLL
287	CAA AAS ASI SIG IGL GLN LNT NTG TGN GNQ NQF QFY FYF	TTDPSFLGRY
438	CAV AVT VTP TPL PLY LYG YGG GGS GSQ SQG QGN GNL NLI LIF	YLQPRTFLL
52	CAP APG PGT GTG TGR GRR RRA RAL ALT LTF	LTDEMIAQY
555	CAG AGE GEA EAG AGT GTA TAL ALI LIF	YLQPRTFLL
185	CAM AMR MRE REG EGL GLG LGS GSG SGG GGS GSN SNY NYK YKL KLT LTF	TTDPSFLGRY
101	CAA AAS ASN SNQ NQA QAG AGT GTA TAL ALI LIF	LTDEMIAQY
113	CAV AVR VRD RDI DIS ISD SDG DGQ GQK QKL KLL LLF	LTDEMIAQY
183	CAV AVD VDT DTG TGR GRR RRA RAL ALT LTF	TTDPSFLGRY
279	CAV AVR VRD RDR DRW RWD WDD DDY DYK YKL KLS LSF	TTDPSFLGRY
179	CAM AMS MSR SRN RND NDY DYK YKL KLS LSF	TTDPSFLGRY
297	CAV AVA VAP APL PLR LRA RAD ADG DGQ GQK QKL KLL LLF	TTDPSFLGRY
377	CAE AEA EAA AAP APT PTG TGT GTA TAS ASK SKL KLT LTF	TTDPSFLGRY
414	CVV VVN VNA NAP APS PSG SGN GNT NTP TPL PLV LVF	YLQPRTFLL
388	CAG AGD GDG DGN GNF NFG FGN GNE NEK EKL KLT LTF	YLQPRTFLL
259	CAV AVL VLS LSG SGN GNT NTG TGK GKL KLI LIF	TTDPSFLGRY
429	CAT ATA TAS ASG SGG GGG GGA GAD ADG DGL GLT LTF	YLQPRTFLL
380	CAV AVE VER ERN RNA NAG AGN GNM NML MLT LTF	TTDPSFLGRY
73	CAT ATN TNT NTG TGN GNQ NQF QFY FYF	LTDEMIAQY
554	CVV VVN VNA NAG AGD GDK DKL KLT LTF	YLQPRTFLL
163	CAE AES ESL SLG LGG GGY GYS YST STL TLT LTF	TTDPSFLGRY
467	CAA AAS ASY SYD YDS DSG SGA GAG AGS GSY SYQ YQL QLT LTF	YLQPRTFLL
250	CAV AVF VFS FSG SGN GNT NTG TGK GKL KLI LIF	TTDPSFLGRY
0	CAV AVD VDI DIR IRA RAG AGN GNM NML MLT LTF	LTDEMIAQY
150	CVG VGT GTP TPD PDY DYQ YQL QLI LIW	TTDPSFLGRY
258	CAV AVR VRV RVP VPS PSG SGA GAG AGS GSY SYQ YQL QLT LTF	TTDPSFLGRY
406	CGA GAE AET ETS TSG SGS GSR SRL RLT LTF	YLQPRTFLL
489	CAV AVG VGD GDN DNF NFN FNK NKF KFY FYF	YLQPRTFLL
80	CAT ATD TDG DGN GNN NNN NNA NAG AGN GNM NML MLT LTF	LTDEMIAQY
378	CAA AAN ANR NRL RLG LGG GGT GTS TSY SYG YGK GKL KLT LTF	TTDPSFLGRY
431	CVV VVN VNR NRD RDN DND NDM DMR MRF	YLQPRTFLL
533	CAV AVK VKD KDK DKL KLI LIF	YLQPRTFLL
156	CAV AVG VGL GLN LNT NTG TGT GTA TAS ASK SKL KLT LTF	TTDPSFLGRY
531	CAT ATR TRN RNT NTD TDK DKL KLI LIF	YLQPRTFLL
169	CAG AGQ GQE QET ETG TGN GNQ NQF QFY FYF	TTDPSFLGRY
494	CVV VVN VNR NRG RGD GDK DKL KLV LVF	YLQPRTFLL
181	CAQ AQS QSN SNY NYK YKL KLT LTF	TTDPSFLGRY
532	CVV VVN VNQ NQV QVP VPG PGY GYA YAL ALN LNF	YLQPRTFLL
350	CAL ALS LSG SGP GPT PTG TGT GTA TAS ASK SKL KLT LTF	TTDPSFLGRY
125	CAV AVK VKK KKI KIG IGA GAG AGN GNM NML MLT LTF	LTDEMIAQY
293	CAL ALG LGG GGS GSQ SQG QGN GNL NLI LIF	TTDPSFLGRY
514	CVV VVN VNQ NQA QAD ADK DKL KLI LIF	YLQPRTFLL
14	CAF AFM FMK MKT KTG TGA GAN ANS NSK SKL KLT LTF	LTDEMIAQY
485	CVV VVG VGT GTG TGG GGG GGN GNK NKL KLT LTF	YLQPRTFLL
314	CAP APS PSK SKG KGG GGY GYN YNK NKL KLI LIF	TTDPSFLGRY
325	CAV AVS VSL SLG LGN GNR NRL RLA LAF	TTDPSFLGRY
374	CAL ALI LIL ILP LPY PYS YSG SGG GGG GGA GAD ADG DGL GLT LTF	TTDPSFLGRY
435	CAA AAR ARD RDF DFG FGT GTY TYK YKY KYI YIF	YLQPRTFLL
286	CAL ALG LGG GGS GSQ SQG QGN GNL NLI LIF	TTDPSFLGRY
92	CAA AAR ARG RGP GPS PSG SGY GYS YST STL TLT LTF	LTDEMIAQY
383	CAV AVW VWD WDN DNQ NQG QGG GGK GKL KLI LIF	TTDPSFLGRY
146	CAM AMR MRG RGY GYG YGG GGS GSQ SQG QGN GNL NLI LIF	TTDPSFLGRY
172	CAL ALS LSG SGY GYT YTG TGG GGG GGN GNK NKL KLT LTF	TTDPSFLGRY
260	CAV AVP VPN PNF NFG FGN GNE NEK EKL KLT LTF	TTDPSFLGRY
213	CVV VVN VNM NMD MDS DSN SNY NYQ YQL QLI LIW	TTDPSFLGRY
303	CAL ALS LSA SAG AGR GRR RRA RAL ALT LTF	TTDPSFLGRY
97	CAV AVR VRP RPR PRG RGE GEW EWR WRS RSG SGT GTY TYK YKY KYI YIF	LTDEMIAQY
8	CAE AEN ENI NIF IFS FSG SGG GGY GYN YNK NKL KLI LIF	LTDEMIAQY
561	CAG AGA GAC ACG CGN GNQ NQF QFY FYF	YLQPRTFLL
543	CAL ALS LSV SVG VGT GTG TGA GAN ANN NNL NLF LFF	YLQPRTFLL
79	CAV AVP VPS PSG SGY GYA YAL ALN LNF	LTDEMIAQY
403	CAV AVN VNM NMD MDD DDK DKI KII IIF	YLQPRTFLL
7	CAL ALR LRI RIY IYN YNQ NQG QGG GGK GKL KLI LIF	LTDEMIAQY
461	CVV VVN VNE NEA EAD ADK DKL KLI LIF	YLQPRTFLL
37	CAS ASD SDN DNA NAG AGN GNN NNR NRK RKL KLI LIW	LTDEMIAQY
63	CIV IVP VPR PRG RGG GGA GAD ADG DGL GLT LTF	LTDEMIAQY
222	CLL LLG LGF GFG FGN GNV NVL VLH LHC	TTDPSFLGRY
62	CAV AVR VRH RHR HRG RGG GGQ GQK QKL KLL LLF	LTDEMIAQY
559	CAV AVN VNT NTL TLM LMY MYS YSG SGG GGG GGA GAD ADG DGL GLT LTF	YLQPRTFLL
308	CGT GTG TGG GGS GSD SDS DSW SWG WGK GKL KLQ LQF	TTDPSFLGRY
534	CLV LVG VGE GEN ENF NFN FNK NKF KFY FYF	YLQPRTFLL
171	CAS ASG SGG GGS GSQ SQG QGN GNL NLI LIF	TTDPSFLGRY
369	CAL ALS LSA SAN ANQ NQA QAG AGT GTA TAL ALI LIF	TTDPSFLGRY
221	CAE AES ESK SKS KSG SGY GYN YNK NKL KLI LIF	TTDPSFLGRY
539	CIP IPI PIS ISG SGG GGY GYN YNK NKL KLI LIF	YLQPRTFLL
60	CAV AVR VRV RVD VDS DSN SNY NYQ YQL QLI LIW	LTDEMIAQY
225	CAM AMS MSA SAI AIE IET ETS TSG SGS GSR SRL RLT LTF	TTDPSFLGRY
364	CLV LVG VGD GDW DWG WGN GNY NYG YGQ GQN QNF NFV FVF	TTDPSFLGRY
34	CVA VAR ARM RMD MDS DSS SSY SYK YKL KLI LIF	LTDEMIAQY
1	CGT GTE TEL ELR LRG RGK GKL KLI LIF	LTDEMIAQY
30	CAA AAN ANT NTG TGN GNQ NQF QFY FYF	LTDEMIAQY
470	CGT GTE TER ERE REA EAQ AQG QGG GGS GSE SEK EKL KLV LVF	YLQPRTFLL
443	CAV AVR VRS RSS SSG SGG GGS GSY SYI YIP IPT PTF	YLQPRTFLL
27	CAG AGR GRL RLL LLI LIY IYG YGQ GQN QNF NFV FVF	LTDEMIAQY
460	CVV VVN VNR NRR RRD RDD DDM DMR MRF	YLQPRTFLL
589	CAG AGQ GQL QLR LRG RGG GGS GSE SEK EKL KLV LVF	YLQPRTFLL
130	CAG AGA GAL ALG LGG GGA GAG AGS GSY SYQ YQL QLT LTF	LTDEMIAQY
25	CAA AAL ALG LGN GNQ NQF QFY FYF	LTDEMIAQY
167	CAG AGH GHP HPD PDN DNT NTD TDK DKL KLI LIF	TTDPSFLGRY
175	CAG AGL GLI LIG IGF GFG FGN GNV NVL VLH LHC	TTDPSFLGRY
456	CVV VVN VNW NWQ WQY QYG YGN GNK NKL KLV LVF	YLQPRTFLL
492	CVP VPR PRD RDT DTG TGR GRR RRA RAL ALT LTF	YLQPRTFLL
23	CAV AVD VDL DLS LSG SGS GSA SAR ARQ RQL QLT LTF	LTDEMIAQY
448	CVV VVN VNK NKE KED EDR DRL RLM LMF	YLQPRTFLL
192	CAL ALG LGG GGS GSQ SQG QGN GNL NLI LIF	TTDPSFLGRY
252	CAD ADL DLN LNS NSG SGY GYS YST STL TLT LTF	TTDPSFLGRY
517	CVV VVN VNE NEY EYD YDD DDM DMR MRF	YLQPRTFLL
155	CAA AAS ASE SEG EGN GNT NTG TGF GFQ FQK QKL KLV LVF	TTDPSFLGRY
170	CAA AAG AGP GPG PGG GGA GAD ADG DGL GLT LTF	TTDPSFLGRY
585	CAV AVR VRV RVS VSG SGG GGY GYN YNK NKL KLI LIF	YLQPRTFLL
575	CAL ALS LSG SGT GTS TSY SYD YDK DKV KVI VIF	YLQPRTFLL
233	CAV AVW VWD WDN DNQ NQG QGG GGK GKL KLI LIF	TTDPSFLGRY
132	CAA AAS ASA SAF AFI FIS ISN SNT NTG TGK GKL KLI LIF	TTDPSFLGRY
537	CVV VVS VSD SDT DTN TNN NNA NAG AGN GNM NML MLT LTF	YLQPRTFLL
168	CAL ALS LSD SDN DNQ NQG QGN GNL NLI LIF	TTDPSFLGRY
105	CAT ATD TDR DRA RAQ AQK QKL KLV LVF	LTDEMIAQY
