749	QQA QAN ANS NSF SFP FPL PLT	ARD RDL DLG LGG GGY GYF YFI FIR IRG RGI GIM IMD MDV	0
1320	AAW AWD WDD DDS DSL SLS LSA SAH AHV HVV	ARE REL ELL LLM LMD MDY DYY YYD YDH DHI HIG IGY GYS YSP SPG PGP GPT	0
300	TSW SWD WDD DDS DSL SLD LDS DSQ SQL	ARL RLE LEP EPG PGY GYS YSS SST STW TWS WSV SVN	0
907	QEY EYS YSS SST STP TPY PYN	ARD RDG DGL GLG LGE GEV EVA VAP APD PDY DYR YRY RYG YGI GID IDV	1
395	QAW AWD WDA DAS AST STG TGV	TRL RLY LYL YLF LFE FEG EGA GAQ AQS QSS SSN SNA NAF AFD FDL	1
341	QQF QFD FDG DGD GDP DPT	ARH RHY HYE YEI EIQ IQI QIG IGR GRY RYG YGM GMN MNV NVY VYY YYL YLM LMY MYR YRF RFA FAS	0
605	QHY HYS YSN SNW NWP WPP PPR PRL RLT	AVP VPG PGP GPV PVF VFG FGI GIF IFP FPP PPW PWS WSY SYF YFD FDN	0
500	ATW TWD WDD DDS DSL SLN LNG NGW GWV	ARD RDV DVQ VQY QYS YSG SGS GSY SYL YLG LGA GAY AYY YYF YFD FDY	0
1399	QQY QYG YGT GTS TSP SPR PRT	ARE REP EPP PPL PLF LFY FYS YSS SSW SWS WSL SLD LDN	0
538	QSY SYD YDN DNS NSS SSW SWV	ARL RLG LGG GGR GRY RYY YYH YHD HDS DSS SSG SGY GYY YYY YYL YLD LDY	1
1036	QQY QYY YYS YST STP TPG PGL GLT	RLL LLW LWF WFG FGE GEL ELF LFF FFD FDY	0
879	GTW TWL WLY LYD YDR DRA RAV AVG VGL	ARG RGS GSF SFD FDY DYY YYF YFW FWS WSA SAS ASH SHP HPP PPN PND NDA DAL ALA LAI	0
188	QTY TYD YDP DPY PYS YSV SVV	ARD RDL DLI LIH IHG HGV GVT VTR TRN	0
393	ASW SWD WDS DSM SMT MTV TVD VDG DGV	ARY RYF YFD FDT DTY TYN YNN NNY NYG YGF GFA FAN	1
9249	QQH QHD HDY DYP YPY PYT	ARL RLG LGS GSD SDY DYD YDV DVW VWF WFD FDY	0
715	QQA QAN ANS NSF SFF FFT	AAD ADP DPW PWE WEL ELN LNA NAF AFN FNV	1
483	QQG QGN GNT NTL TLS LSY SYT	ARE REL ELY LYQ YQG QGY GYM YMD MDT DTF TFD FDS	0
9231	QQS QSY SYT YTT TTP TPP PPT	ARR RRL RLA LAL ALV LVR VRM RMW MWM WMD MDY	0
919	QQF QFK FKR KRQ RQK QKE KEP EPI PIT	ART RTW TWY WYY YYG YGF GFD FDY	0
637	QQY QYE YET	ARA RAQ AQK QKR KRG RGR GRS RSE SEW EWA WAY AYA YAH	1
896	QQL QLN LNS NSY SYS YSL SLT	ARG RGG GGM GMT MTM TMV MVR VRG RGV GVM VMM MMD	0
351	AAW AWD WDD DDS DSR SRG RGG GGP GPD PDW DWV	ARL RLG LGG GGD GDY DYE YED EDS DSG SGA GAD ADA DAF AFD FDF	1
1299	SSH SHT HTS TSR SRG RGT GTW TWV	ARD RDK DKV KVD VDD DDY DYG YGD GDY DYW YWF WFP FPT PTL TLW LWY WYF YFD FDY	0
1458	QQY QYG YGT GTS TSP SPY PYT	ARD RDF DFG FGP GPD PDW DWE WED EDG DGD GDS DSY SYD YDG DGS GSG SGR GRG RGF GFF FFD FDF	1
1388	QQL QLN LNT NTY TYP YPF PFT	AKP KPK PKS KSR SRD RDR DRG RGG GGP GPG PGD GDD DDY DYF YFG FGM GMD MDV	0
1339	QQY QYY YYS YSI SIP IPR PRT	ASN SNR NRA RAN ANR NRA RAD ADD DDY DYD YDY DYY YYF YFD FDY	0
710	GTW TWD WDS DSS SSL SLN LNP NPV	AGL GLT LTQ TQS QSS SSH SHN HND NDA DAN	0
1183	QQY QYH YHS HSY SYP YPW PWT	AKA KAK AKR KRV RVG VGA GAT ATG TGY GYF YFD FDL	0
1282	AAW AWD WDD DDS DSL SLS LSE SEF EFL	ARA RAS ASI SIA IAA AAA AAR ARV RVL VLD LDY	0
586	AAW AWD WDD DDS DSL SLN LNG NGV GVV	AQG QGP GPI PIV IVG VGA GAP APT PTD TDY	0
1413	QQG QGF GFS FSS SSP SPF PFS	ARG RGD GDL DLE LET ETT TTI TIF IFF FFY FYN YNA NAV AVD VDV	0
19754	QQD QDG DGW GWS WSL SLI LIT	ARG RGY GYG YGW GWA WAL ALD LDY	0
1274	QQY QYN YNN NNW NWP WPP PPR PRY RYT	AGV GVY VYE YEG EGE GEA EAD ADE DEG EGE GEY EYD YDN DNN NNG NGF GFL FLK LKH	1
19747	SSR SRD RDK DKS KSG SGS GSR SRL RLS LSV	ART RTG TGK GKY KYY YYD YDF DFW FWF WFG FGY GYP YPP PPG PGE GEE EEY EYF YFQ FQD	1
19737	QQS QSY SYS YST STP TPP PPA	AGG GGS GST STG TGD GDR DRH RHY HYY YYY YYY YYG YGM GMD MDV	0
808	QQY QYE YEF	TRG RGK GKY KYC YCT CTA TAR ARD RDY DYY YYN YNW NWD WDF DFE FEH	1
1245	QES ESL SLS LSA SAS ASY SYT	ARL RLD LDG DGY GYT YTL TLD LDI	0
811	QQY QYE YEF	TRG RGK GKY KYC YCT CTA TAR ARD RDY DYY YYN YNW NWD WDF DFE FEH	1
19641	QQY QYN YND NDW DWP WPP PPW PWT	AKD KDW DWA WAL ALF LFR FRW RWL WLR LRT RTF TFD FDH	0
19827	QQY QYY YYT YTA TAS ASP SPF	AKL KLL LLV LVG VGI GIT ITT TTD TDV DVF VFD FDV	0
394	ASW SWD WDD DDS DSR SRG RGG GGP GPD PDY DYV	ARL RLH LHY HYS YSD SDR DRS RSG SGS GSY SYF YFN FND NDV DVF VFH FHM	1
19752	QSY SYD YDR DRY RYT YTH THP HPA PAL ALL	KTH THG HGS GSH SHD HDN	0
1606	QCL CLE LEA	VRG RGR GRS RSC SCC CCG CGG GGR GRR RRH RHC HCN CNG NGA GAD ADC DCF CFN FNW NWD WDF DFQ FQH	1
196	QQY QYA YAD ADS DSP SPI PIT	AST STL TLG LGL GLV LVL VLD LDA DAM AMD MDY	0
252	AAW AWD WDD DDS DSL SLS LSE SEF EFL	ARR RRS RSY SYD YDS DSS SSG SGY GYA YAG AGH GHF HFY FYS YSY SYM YMD MDV	0
927	QQF QFS FSV SVS VSP SPW PWT	ARD RDK DKV KVQ VQG QGR GRV RVE VEV EVG VGS GSG SGG GGR GRH RHD HDY	0
809	QQY QYE YEF	TRG RGK GKY KYC YCT CTA TAR ARD RDY DYY YYN YNW NWD WDF DFE FEH	1
1555	QQS QSY SYS YSY SYP YPY PYT	ARY RYY YYS YSS SSG SGG GGS GSY SYY YYR YRY RYS YSR SRG RGF GFD FDY	0
412	QQH QHY HYR YRT RTP TPP PPT	AKD KDS DSQ SQL QLR LRS RSL SLL LLY LYF YFE FEW EWL WLS LSQ SQG QGY GYF YFD FDY	0
955	QQS QST STG TGH GHP HPQ PQT	ART RTY TYG YGI GIY IYD YDL DLY LYV YVD VDY DYT YTE TEY EYV YVM VMD MDY	0
941	GTW TWD WDD DDN DNS NSW SWV	ATR TRW RWN WNY NYF YFF FFD FDF DFD FDY	1
354	QVY VYG YGA GAS ASS SSY SYT	ARV RVG VGP GPY PYS YSW SWD WDD DDS DSP SPQ PQD QDN DNY NYY YYM YMD MDV	1
359	QQH QHQ HQN QNV NVP VPL PLT LTT	ARD RDI DIG IGL GLK LKG KGE GEH EHY HYD YDI DIL ILT LTA TAY AYG YGP GPD PDY	1
1398	QQS QSN SNS NSW SWP WPY PYT	ANW NWD WDG DGD GDY	0
19609	MEA EAR ARQ RQT QTP TPR PRL RLT	VRG RGP GPE PES ESG SGW GWF WFY FYH YHY HYY YYW YWG WGL GLG LGV	1
928	MQA QAL ALQ LQT QTP TPL PLT	ARH RHA HAS ASC SCS CSA SAR ARS RSC SCY CYW YWG WGP GPV PVD VDY	0
1544	QQS QSS SSS SSS SSL SLI LIT	ARL RLT LTW TWR WRS RSY SYR YRG RGV GVH VHA HAL ALD LDY	0
316	QQY QYS YSS SSY SYS YSS SSL SLF LFT	ARE REY EYY YYR YRW RWY WYT YTA TAI AID IDY	0
694	QQS QSY SYS YST STP TPF PFT	ARQ RQN QNH NHY HYG YGS GSG SGS GSY SYF YFY FYR YRT RTA TAY AYY YYY YYA YAM AMD MDV	0
170	QAR ARL RLL LLL LLP LPQ PQT	ARV RVA VAI AIG IGV GVS VSG SGF GFL FLN LNY NYY YYY YYY YYM YMD MDV	1
813	QQY QYE YEF	TRG RGK GKY KYC YCT CTA TAR ARD RDY DYY YYN YNW NWD WDF DFE FEH	1
1298	QVW VWD WDS DSS SSS SSD SDY DYV	ARD RDT DTV TVM VMG MGG GGM GMD MDV	0
311	QQF QFY FYT YTT TTP TPS PST	ARG RGS GSG SGF GFR FRW RWV WVM VMD MDY	0
1385	MQA QAT ATH THW HWP WPY PYT	ARD RDG DGR GRG RGA GAL ALQ LQY	0
367	QQF QFP FPT PTY TYL YLP LPT	ARG RGP GPF PFS FSP SPW PWV WVM VMD MDY	0
1383	QQY QYE YEF	TRG RGK GKY KYC YCT CTA TAR ARD RDY DYY YYN YNW NWD WDF DFE FEH	1
8701	ATW TWD WDN DNS NSL SLN LND NDR DRV	ARE REI EIP IPG PGA GAT ATS TSG SGP GPD PDH DHF HFF FFF FFY FYG YGM GMD MDV	0
407	STF TFT FTM TMS MSG SGN GNG NGT GTV	ARE RER ERW RWH WHV HVR VRG RGY GYF YFD FDH	0
1381	QVW VWD WDS DSR SRT RTD TDH DHW HWV	ARG RGR GRG RGF GFH FHY HYY YYY YYY YYG YGM GMD MDI	0
867	QQY QYP YPY PYY YYS YSS SSL SLI LIT	ARG RGR GRW RWY WYR YRR RRA RAL ALD LDY	0
1259	QQC QCG CGN GNS NSP SPW PWT	ARV RVV VVA VAD ADR DRE REG EGF GFG FGY GYY YYY YYG YGM GMD MDV	0
738	QSY SYD YDS DSS SSL SLS LSG SGS GSV	ARV RVE VEG EGV GVR VRG RGV GVM VMG MGF GFH FHY HYY YYP YPM PMD MDV	0
1006	QAW AWD WDS DSS SST STD TDV DVV	ARA RAV AVV VVF VFT FTD TDS DSS SSA SAY AYY YYY YYS YSK SKY KYF YFD FDY	0
1559	SSY SYT YTD TDI DIH IHN HNF NFV	ARG RGT GTR TRL RLR LRT RTL TLR LRN RNA NAF AFD FDI	1
19756	QQS QSQ SQW QWY WYP YPI PIT	ARS RSY SYS YST STK TKL KLA LAM AMD MDY	0
853	CSY SYA YAT ATS TSR SRT RTL TLV	VRD RDG DGV GVR VRF RFY FYY YYD YDS DST STG TGY GYY YYP YPD PDS DSF SFF FFK FKY KYG YGM GMD MDV	0
1402	SSY SYA YAG AGS GSN SNN NNF NFA FAV	ARV RVS VSR SRG RGG GGS GSF SFS FSD	0
1022	QVW VWD WDD DDS DSI SIN INA NAY AYV	ARE REF EFH FHS HSG SGL GLG LGW GWH WHF HFD FDL	0
1417	QAW AWD WDS DSN SNT NTG TGV	ARG RGP GPL PLS LSR SRG RGY GYY YYD YDY	0
1376	NAF AFE FEF	ARR RRM RMR MRS RSQ SQD QDR DRE REW EWD WDF DFQ FQH	1
889	QQY QYE YEF	VRK RKG KGP GPS PSC SCP CPH PHC HCG CGD GDF DFH FHW HWQ WQH	1
209	QQY QYS YSY SYY YYY YYY YYP YPF PFT	ARY RYY YYG YGT GTG TGA GAM AMD MDY	0
19728	QHY HYN YNS NSY SYF YFV FVT	ARD RDG DGY GYS YSS SSS SSF SFF FFD FDF	0
970	GSL SLV LVG VGN GNW NWD WDV DVI	ARF RFG FGG GGE GEV EVL VLR LRY RYT YTD TDW DWP WPK PKP KPA PAW AWV WVD VDL	1
1000	QQY QYG YGR GRS RSP SPY PYT	ARG RGT GTD TDY DYT YTI TID IDD DDQ DQG QGI GIR IRY RYQ YQG QGS GSG SGT GTF TFW FWY WYF YFD FDV	1
1328	SSY SYT YTS TST STR TRT RTP TPY PYV	ARD RDP DPG PGL GLW LWD WDY DYY YYY YYG YGM GMD MDV	0
1346	QQS QSS SSY SYS YSP SPL PLT	ARE RES ESS SSY SYF YFY FYD YDG DGS GSY SYS YSY SYY YYD YDY DYE YEG EGA GAM AMD MDY	0
19808	MQS QSL SLQ LQT QTP TPR PRL RLT	TRG RGG GGT GTL TLF LFD FDY	0
1410	ATW TWD WDG DGS GSL SLR LRT RTV	ARD RDF DFG FGE GEY EYH YHY HYD YDG DGR GRG RGF GFQ FQC QCE CEG EGF GFD FDL	0
19748	QVW VWD WDS DSS SSS SSD SDH DHV HVV	ARL RLP LPM PMV MVT VTM TMS MSF SFD FDY	0
19683	QSY SYD YDS DSS SSL SLS LSG SGA GAL	ARH RHR HRR RRV RVL VLL LLW LWF WFG FGE GEF EFQ FQL	0
8677	QQR QRS RSN SNW NWP WPP PPT	ARD RDR DRS RSY SYY YYL YLD LDY	0
8689	QVR VRD RDN DNN NNE NEN ENE NEW EWV	ARY RYI YID IDF DFG FGD GDH DHM HMD MDF	0
161	ATW TWD WDD DDS DSL SLS LSA SAV AVI	ARL RLG LGP GPD PDD DDY DYT YTL TLD LDG DGM GMD MDV	0
1333	SSL SLT LTD TDR DRS RSH SHR HRI	ARE REA EAG AGG GGP GPI PIW IWH WHD HDD DDV DVK VKY KYY YYD YDF DFN FND NDG DGY GYY YYN YNY NYH YHY HYM YMD MDV	1
536	QQL QLE LEF	ARQ RQK QKF KFY FYT YTG TGG GGQ GQG QGW GWY WYF YFD FDL	1
19709	QQR QRD RDN DNW NWP WPP PPD PDA DAT	AKE KEG EGG GGD GDN DNK NKF KFS FSF SFD FDY	0
1005	QTW TWD WDS DSS SST STD TDV DVV	ARA RAV AVV VVF VFT FTD TDS DSS SSA SAY AYY YYY YYS YSK SKY KYF YFD FDY	0
1469	AAW AWD WDD DDS DSL SLN LNG NGP GPV	ARD RDW DWG WGS GSN SNY NYV YVW VWG WGS GSY SYP YPK PKY	0
19721	GTF TFA FAG AGG GGS GSY SYY YYG YGV	ARG RGG GGW GWF WFD FDY	0
651	QQY QYG YGS GSS SSP SPT	ARD RDL DLT LTT TTL TLT LTS TSY SYN YNW NWW WWD WDL	1
697	NSA SAD ADS DSS SSG SGN GNH NHV HVV	AKI KIL ILG LGA GAG AGR GRG RGW GWY WYF YFD FDY	0
1587	QCF CFE FEG	VRG RGK GKS KSC SCC CCN CNG NGR GRR RRY RYC YCN CNG NGA GAD ADC DCF CFN FNW NWD WDF DFE FEY	1
19772	QQY QYF YFF FFL FLY LYS	ARI RIR IRQ RQV QVS VSK SKY KYL YLQ LQW QWY WYP YPG PGV GVF VFE FEM	1
924	MQP QPL PLQ LQS QSY SYT	ARE REN ENA NAD ADY DYG YGS GSD SDY DYY YYF YFG FGM GMD MDV	1
1035	MQS QSK SKD KDF DFP FPL PLT	ARM RMF MFQ FQE QES ESG SGP GPP PPR PRL RLD LDR DRW RWS WSG SGR GRN RNY NYY YYY YYY YYS YSG SGM GMD MDV	0
19638	QES ESY SYS YSS SSV SVP VPM PMY MYI	TAD ADE DEG EGA GAP API PIL ILR LRF RFF FFE FEW EWG WGY GYY YYN YNY NYY YYM YMD MDV	1
739	QQY QYS YSS SSF SFP FPT PTT	ARW RWG WGD GDE DEG EGF GFD FDI	0
965	AAW AWD WDD DDS DSP SPP PPG PGE GEA	ARV RVG VGL GLG LGD GDA DAF AFD FDI	0
1306	AAW AWD WDD DDS DSL SLI LIG IGY GYV	AKD KDA DAR ARD RDC DCL CLL LLC LCA CAD ADW DWH WHF HFD FDL	0
136	QQR QRS RSM SMW MWP WPP PPV PVT	ARD RDG DGK GKC KCG CGG GGG GGR GRC RCY CYS YSG SGL GLL LLD LDY	0
1539	QQA QAN ANS NSF SFF FFT	AAD ADP DPW PWE WEL ELN LNN NNV	1
19786	LQH QHD HDI DIY IYA YAS AST	ARL RLA LAS ASG SGF GFR FRD RDY	0
19557	QQY QYG YGQ GQS QSL SLS LST	ARE REG EGT GTT TTP TPP PPG PGW GWG WGW GWL WLG LGK GKP KPI PIG IGA GAF AFA FAH	1
355	ATW TWD WDS DSG SGL GLS LSA SAD ADW DWV	TTD TDG DGF GFI FIM IMI MIR IRG RGV GVS VSE SED EDY DYY YYY YYY YYY YYM YMD MDV	1
8695	STW TWD WDS DSS SSL SLS LSA SAV AVV	ARS RSP SPS PSY SYI YIC ICS CSG SGG GGT GTC TCV CVF VFD FDH	0
19685	QSV SVD VDN DNS NSG SGT GTY TYE YEV	ATL TLN LNL NLE LEL ELA LAV AVD VDA DAI AIS ISE SEA EAL ALK	0
1574	QHM HMS MSS SSY SYP YPL PLT	ARD RDK DKY KYY YYG YGN GNE NEA EAV AVG VGM GMD MDV	1
392	AAW AWD WDD DDS DSL SLS LSG SGP GPY PYV	TRD RDR DRS RSR SRV RVR VRY RYF YFD FDR DRE RES ESG SGW GWF WFD FDP	1
1021	QVW VWD WDD DDS DSI SIN INA NAY AYV	ARN RNF NFV FVR VRG RGF GFG FGW GWH WHF HFD FDL	0
211	QQS QSV SVM VMI MIP IPM PMT	ARG RGR GRF RFF FFD FDY	0
988	QSY SYD YDS DSS SSV SVV VVV	VRD RDD DDS DSY SYD YDG DGG GGG GGH GHY HYG YGL GLH LHN HNW NWF WFD FDS	0
544	QQY QYD YDN DNL NLP LPI PIT	ARG RGI GIS ISG SGS GSY SYG YGW GWF WFD FDP	0
478	QQY QYW YWS WSE SEP EPV PVT	ARG RGG GGP GPD PDY DYA YAM AMD MDV	0
1552	GTW TWD WDS DSS SSL SLN LNP NPV	AGL GLT LTQ TQS QSS SSH SHN HND NDA DAN	0
19574	MQN QNK NKQ KQT QTP TPL PLT	VIR IRG RGD GDV DVY VYN YNR NRQ	0
492	STW TWD WDD DDT DTL TLE LEG EGW GWV	ARR RRQ RQL QLL LLD LDD DDG DGT GTG TGY GYQ YQW QWA WAA AAF AFD FDV	0
19790	QQY QYE YEF	TRG RGK GKY KYC YCT CTA TAR ARD RDY DYY YYN YNW NWD WDF DFE FEH	1
747	ASW SWD WDD DDS DSL SLN LNG NGV GVV	AGP GPS PSI SIT ITE TES ESH SHY HYC YCL CLD LDC DCA CAA AAK AKD KDY DYY YYY YYG YGL GLD LDV	0
19799	HQY QYY YYS YSS SSP SPL PLT	ALL LLT LTV TVL VLT LTP TPD PDD DDA DAF AFD FDI	0
911	QQT QTR TRW RWT WTP TPP PPT	VKD KDQ DQT QTI TIF IFH FHK HKN KNG NGA GAV AVD VDF DFF FFS FSY SYF YFD FDL	1
934	QAW AWD WDS DSS SSS SSF SFV	ARV RVA VAL ALF LFD FDI DIL ILT LTG TGG GGW GWF WFD FDP	0
1307	QQY QYR YRY RYS YSP SPR PRT	ARG RGG GGF GFG FGS GSF SFD FDT	0
467	QQS QSN SNR NRA RAP APA PAT	AKW KWA WAW AWP WPA PAF AFD FDY	0
1549	QQS QSR SRT	ARS RSG SGH GHI HIT ITV TVF VFG FGV GVN VNV NVD VDA DAF AFD FDM	0
1581	QQY QYE YEF	ARE RER ERS RSD SDF DFW FWD WDF DFD FDL	1
938	QQY QYD YDK DKL KLP LPT	VRD RDR DRD RDD DDF DFW FWS WSG SGY GYY YYK YKH	0
19801	CSY SYV YVG VGS GSD SDT DTW TWV	ARV RVY VYS YSY SYG YGV GVP VPF PFD FDY	0
1351	FST STD TDS DSS SSG SGQ GQT QTW TWV	ANA NAG AGG GGG GGK GKY KYD YDY DYL YLD LDV	1
1040	QQY QYY YYS	AKI KIS ISG SGS GSY SYS YSF SFD FDY	1
1419	HQY QYI YIQ IQL QLH LHS HSF SFT	ARY RYD YDG DGI GIY IYG YGE GEL ELD LDF	0
49	QQS QSY SYT YTT TTP TPP PPT	ARF RFV FVF VFF FFL FLP LPY PYA YAM AMD MDY	0
164	GTW TWD WDM DMV MVT VTN TNN NNV	ARG RGL GLG LGA GAF AFH FHW HWD WDM DMQ MQP QPD PDY	0
19636	QES ESY SYS YSS SST STP TPT PTH THI	TMD MDE DEG EGT GTP TPV PVT VTR TRF RFL FLE LEW EWG WGY GYF YFY FYY YYY YYM YMA MAV	1
1562	QVI VIE IES	ARD RDR DRL RLY LYD YDG DGS GSS SSW SWR WRL RLD LDP	1
1045	SSR SRD RDK DKS KSG SGS GSR SRL RLS LSV	ART RTG TGK GKY KYY YYD YDF DFW FWS WSG SGY GYP YPP PPG PGE GEE EEY EYF YFQ FQD	1
708	QQW QWA WAV AVH VHS HSL SLI LIT	ARY RYV YVY VYH YHA HAL ALD LDY	0
806	SSY SYA YAG AGS GST STT TTF TFR FRV	AKD KDL DLR LRL RLG LGG GGG GGS GSD SDY	1
1436	QQY QYE YEF	TRG RGK GKY KYC YCT CTA TAR ARD RDY DYY YYN YNW NWD WDF DFE FEH	1
396	QAW AWD WDA DAS AST STG TGV	TRL RLY LYL YLF LFE FEG EGA GAQ AQS QSS SSN SNA NAF AFD FDL	1
1465	QQS QSY SYT YTT TTP TPP PPT	ARG RGS GSG SGH GHV HVN VNA NAV AVK VKN KNY NYG YGY GYV YVM VMD MDY	0
19646	QVW VWD WDN DNY NYS YSD SDH DHV HVI	AVG VGL GLP LPV PVD VDY	0
356	QQY QYG YGQ GQS QSL SLS LST	ARE REG EGT GTT TTG TGA GAG AGW GWL WLG LGK GKP KPI PIG IGA GAF AFA FAH	1
1565	QQG QGA GAS ASW SWP WPF PFT	ARV RVG VGR GRF RFA FAS ASH SHQ HQL QLD LDY	0
977	QQY QYG YGQ GQS QSL SLS LST	ARE REG EGT GTT TTG TGS GSG SGG GGK GKP KPI PIG IGA GAF AFA FAH	1
1362	QHL HLI LIG IGL GLR LRS	ARR RRS RSN SNW NWP WPY PYL YLP LPF PFD FDP	1
19847	QHY HYF YFN FNI NIP IPH PHN	ARL RLD LDA DAR ARV RVD VDA DAG AGW GWQ WQL QLD LDS	0
19669	QQA QAY AYP YPA PAL ALH LHT	ARW RWI WIG IGS GSR SRE REL ELY LYI YIM IMD MDY	0
1403	GTW TWD WDS DSS SSL SLS LSA SAW AWV	ARS RSS SSR SRI RIY IYD YDL DLN LNP NPS PSL SLT LTA TAY AYY YYD YDM DMD MDV	0
19807	WAY AYE YEA	VRD RDR DRS RSN SNG NGS GSG SGK GKR KRF RFE FES ESS SSN SNW NWF WFL FLD LDL	1
1026	TVW VWD WDS DSV SVP VPG PGA GAS ASV	ARD RDR DRG RGY GYY YYA YAF AFD FDI	0
19767	QSY SYD YDS DSS SSL SLS LSG SGF GFY FYV	ARL RLG LGY GYC YCS CSG SGG GGS GSC SCH CHF HFD FDY	0
1390	LHY HYG YGT GTS TSP SPM PMY MYT	IAS ASS SST STT TTG TGW GWY WYV YVR VRE RED EDF DFD FDY	0
397	QAW AWD WDA DAS AST STG TGV	TRL RLY LYL YLF LFE FEG EGA GAQ AQS QSS SSN SNA NAF AFD FDL	1
1411	QSA SAD ADS DSS SSG SGD GDY DYV	ARE REW EWA WAE AED EDG DGD GDF DFG FGN GNA NAF AFH FHV	1
19631	KSL SLT LTS TST STR TRR RRR RRV	VRE REA EAG AGG GGP GPD PDY DYR YRN RNG NGY GYN YNX NXX XXD XDF DFY FYD YDG DGY GYY YYN YNY NYH YHY HYM YMD MDV	1
1573	QQY QYY YYN YNP NPP PPW PWT	AKG KGG GGA GAA AAA AAA AAV AVM VMD MDV	0
19655	QQY QYN YNN NNW NWP WPP PPY PYT	ARL RLK LKR KRR RRG RGF GFS FSG SGE GEG EGY GYF YFD FDY	0
362	QQY QYE YEF	TRG RGK GKN KNC NCD CDY DYN YNW NWD WDF DFE FEH	1
539	YST STD TDS DSS SSG SGN GNH NHR HRV	AKD KDS DSP SPR PRG RGE GEL ELP LPL PLN LNY	1
534	QQH QHG HGP GPF PFY FYW YWL WLF LFT	ART RTV TVR VRG RGS GSK SKK KKP KPY PYF YFS FSG SGW GWA WAM AMD MDY	0
8703	QAW AWD WDS DST STL TLG LGV GVV	ARL RLG LGF GFE FEG EGD GDY DYS YSG SGS GSF SFF FFD FDY	1
936	AAW AWD WDD DDG DGL GLN LNG NGW GWV	ARD RDR DRG RGF GFD FDL DLL LLT LTG TGH GHY HYL YLG LGL GLD LDP	0
482	SSY SYD YDD DDP DPN PNF NFQ FQV	ARY RYS YSY SYP YPF PFY FYS YSI SID IDY	0
19598	EAW AWD WDD DDS DSL SLD LDG DGV GVV	ARD RDG DGE GEI EIS ISY SYD YDY DYY YYY YYY YYG YGM GMD MDV	0
1260	QQS QSY SYS YST STP TPS	ASS SSY SYD YDF DFW FWS WSN SNA NAF AFD FDI	0
805	QHL HLI LIG IGL GLR LRS	ARR RRS RSN SNW NWP WPY PYL YLP LPF PFD FDP	1
1409	ATW TWD WDG DGS GSL SLR LRT RTV	ARD RDF DFG FGE GEY EYH YHY HYD YDG DGR GRG RGF GFQ FQC QCE CEG EGF GFD FDL	1
1003	QQA QAN ANS NSF SFP FPI PIT	ARF RFY FYD YDS DSF SFF FFD FDI	0
826	GTP TPD PDR DRS RSL SLS LSV SVV	ARD RDG DGA GAK AKT KTV TVS VSN SNS NSG SGL GLS LSL SLL LLY LYY YYH YHN HNR NRL RLD LDA	0
555	AVF VFQ FQW	ARD RDE DES ESG SGD GDD DDL DLK LKW KWH WHL HLH LHP	1
19785	QQS QSY SYS YST STL TLT LTW TWT	ARS RSG SGF GFC FCS CSD SDD DDA DAC ACY CYR YRR RRG RGS GSW SWF WFD FDP	0
1374	QQG QGS GST STF TFP FPY PYT	VRN RNR NRV RVQ VQM QME MEV EVS VSP SPA PAT ATQ TQS QST STW TWY WYM YMD MDL	0
19556	CSY SYT YTH THN HNS NSG SGC GCV	AKG KGL GLL LLR LRD RDG DGS GSS SST STW TWL WLP LPY PYL	1
466	QQS QSN SNR NRA RAP APA PAT	AKW KWW WWA WAW AWP WPA PAF AFD FDY	0
19819	QVW VWD WDS DSG SGR GRG RGH GHP HPL PLY LYV	ARA RAL ALE LEM EMG MGH GHR HRS RSG SGF GFP FPF PFD FDY	0
1354	QQR QRS RSN SNW NWP WPP PPG PGY GYT	VKD KDL DLG LGI GIA IAA AAR ARR RRF RFV FVS VSG SGA GAF AFD FDI	0
776	QQY QYN YNT NTY TYW YWT	AYR YRR RRI RIG IGV GVP VPR PRR RRD RDE DEF EFD FDI	0
214	QQS QSQ SQI QIS ISP SPP PPT	ARR RRV RVC VCY CYN YNR NRL RLG LGV GVC VCA CAG AGG GGM GMD MDY	0
1396	GTW TWD WDS DSS SSL SLS LSV SVW VWV	ARD RDH DHL HLG LGW GWS WSS SSI SIW IWS WSA SAP APE PES ESF SFL FLD LDY	0
19736	QQY QYY YYL YLI LIP IPS PST	ARV RVG VGP GPA PAD ADV DVW VWD WDS DSF SFD FDY	0
968	SSL SLV LVG VGN GNW NWD WDV DVI	ARF RFG FGG GGE GEV EVL VLV LVY VYR YRD RDW DWP WPK PKP KPA PAW AWV WVD VDL	0
19781	QTW TWG WGA GAG AGI GIR IRV	ARD RDT DTY TYY YYY YYD YDS DSG SGD GDY DYE YED EDA DAF AFD FDI	0
1435	QQY QYE YET	ARG RGV GVR VRR RRD RDA DAS ASW SWW WWL WLQ LQF	1
1349	QSR SRD RDI DIS ISQ SQY QYV	ART RTF TFH FHI HIR IRR RRY RYR YRS RSG SGY GYY YYD YDK DKM KMD MDH	0
1363	QQY QYN YNS NSY SYP YPW PWT	ARE REE EEH EHI HIT ITF TFG FGG GGV GVI VIV IVR VRY	0
19735	VQT QTV TVQ VQV QVP VPY PYT	TTL TLL LLI LIY IYE YES ESD SDV DVG VGV GVD VDF	0
19824	QQS QSY SYS YST STP TPL PLT	ARD RDR DRG RGI GIG IGA GAR ARR RRG RGP GPY PYY YYM YMD MDV	0
28836	QQS QSY SYS YST STP TPL PLT	ARD RDR DRG RGI GIG IGA GAR ARR RRG RGP GPY PYY YYM YMD MDV	0
19635	QEN ENY NYN YNT NTI TIP IPS PSL SLS	TMD MDE DEG EGT GTP TPV PVT VTR TRF RFL FLE LEW EWG WGY GYF YFY FYY YYY YYM YMA MAV	1
46	QSS SSS SSS SSP SPY PYT	SRY RYS YSS SSY SYY YYS YSY SYY YYY YYS YSS SSS SSS SSY SYS YSY SYA YAM AMD MDY	0
295	QQS QSY SYT YTT TTP TPP PPT	ART RTY TYG YGI GIY IYD YDL DLY LYV YVD VDY DYT YTE TEY EYV YVM VMD MDY	0
1263	QQY QYD YDN DNL NLG LGD GDL DLS	ARD RDR DRY RYY YYE YET ETS TSG SGS GSN SNA NAF AFD FDV	1
19558	SSW SWD WDS DST STG TGL GLV	ARG RGF GFG FGT GTD TDF	0
821	QQY QYG YGS GSS SSP SPS PST	ARE REG EGT GTT TTG TGS GSG SGW GWL WLG LGK GKP KPI PIG IGA GAF AFA FAY	1
895	QQA QAN ANN NNF NFP FPL PLT	ARS RSR SRG RGN GNH NHY HYY YYY YYG YGM GMD MDV	0
206	QQS QSY SYT YTT TTP TPP PPT	ARF RFW FWW WWR WRS RSF SFD FDY	0
810	QQY QYE YEF	TRG RGK GKY KYC YCT CTA TAR ARD RDY DYY YYN YNW NWD WDF DFE FEH	1
19551	ASA SAT ATL TLL LLD LDT DTY TYV	ARE REP EPD PDY DYY YYD YDS DSS SSG SGY GYY YYP YPI PID IDA DAF AFD FDI	0
501	AAW AWD WDD DDS DSL SLK LKG KGA GAV	ARH RHG HGN GNY NYY YYY YYY YYS YSG SGM GMD MDV	0
19560	SSW SWD WDS DST STG TGL GLV	ARG RGF GFG FGT GTD TDF	0
19795	QQS QSY SYF YFN FNP NPI PIT	ARH RHY HYS YSA SAV AVA VAG AGL GLD LDY	0
345	AWY WYD YDR DRE REL ELS LSE SEW EWV	ARD RDP DPA PAA AAW AWP WPL PLQ LQQ QQS QSL SLA LAW AWF WFD FDP	0
666	HIW IWD WDS DSR SRR RRP RPT PTN TNW NWV	ATT TTK TKH KHG HGR GRR RRI RIY IYG YGV GVV VVA VAF AFK FKE KEW EWF WFT FTY TYF YFY FYM YMD MDV	1
684	HQY QYY YYT YTA TAP APW PWT	ARG RGA GAS ASW SWD WDA DAR ARG RGW GWS WSG SGY	0
1032	LQY QYN YNN NNW NWW WWT	VRN RNV NVG VGT GTA TAG AGS GSL SLL LLH LHY HYD YDH	1
475	QAW AWD WDS DSS SST STA TAV	ARV RVL VLS LSR SRA RAS ASG SGM GMP MPD PDA DAF AFD FDI	0
424	LQI QIY IYN YNM NMP MPI PIT	ARG RGK GKG KGN GNT NTH THK HKP KPY PYG YGY GYV YVR VRY RYF YFD FDV	0
19686	GTF TFA FAG AGG GGS GSY SYY YYG YGV	ARG RGG GGW GWF WFD FDY	0
1268	QQH QHQ HQY QYN YNS NSL SLI	ARK RKQ KQY QYS YSY SYW YWR WRD RDS DSY SYW YWA WAM AMD MDY	0
19711	QQR QRG RGN GNW NWP WPP PPI PIT	ARE REG EGL GLS LSR SRD RDN DNS NSG SGF GFT FTG TGL GLI LID IDY	0
48	QQS QSN SNT NTS TSP SPL PLT	ARW RWG WGH GHS HST STS TSP SPW PWA WAM AMD MDY	0
1353	QAW AWD WDS DSS SSA SAL ALV	ARG RGP GPL PLS LSR SRG RGY GYY YYD YDY	0
998	HMW MWD WDS DSR SRS RSG SGF GFS FSW SWS	ARA RAQ AQQ QQG QGK GKR KRI RIY IYG YGM GMV MVS VSF SFG FGE GEF EFF FFY FYY YYY YYY YYM YMD MDV	1
642	QVW VWD WDI DIS IST STD TDQ DQA QAV	ARH RHV HVR VRS RSG SGY GYP YPD PDT DTA TAY AYY YYF YFD FDK	0
558	QQY QYE YEF	ARG RGK GKY KYC YCT CTA TAR ARD RDY DYY YYN YNW NWD WDF DFQ FQH	1
19789	QQS QSY SYS YST STP TPY PYT	ARA RAT ATN TNY NYD YDS DSS SSG SGY GYY YYS YSL SLY LYF YFD FDY	0
491	STW TWD WDD DDT DTL TLK LKG KGW GWV	ARR RRQ RQL QLL LLD LDD DDG DGT GTG TGY GYQ YQW QWA WAA AAF AFD FDV	0
906	TSH SHP HPY PYA	ARE RER ERG RGR GRH RHF HFE FEP EPK PKN KNR NRD RDN DNL NLE LEG EGK GKF KFF FFD FDL	1
636	QQY QYE YET	ARA RAQ AQK QKR KRG RGR GRS RSE SEW EWA WAY AYA YAH	1
19794	QQS QSY SYF YFN FNP NPI PIT	ARH RHY HYS YSA SAV AVA VAG AGL GLD LDY	0
19710	QHR HRD RDS DSW SWP WPP PPG PGA GAT	AKE KES ESD SDS DSC SCG CGG GGD GDC DCS CSR SRF RFA FAF AFD FDV	0
19595	QHY HYG YGV GVS VSP SPV PVI VIT	TRG RGV GVR VRE REV EVG VGA GAT ATG TGD GDD DDP DPF PFY FYY YYG YGM GMY MYV	0
1043	SSR SRD RDK DKS KSG SGS GSR SRL RLS LSV	ART RTG TGK GKY KYY YYD YDF DFW FWS WSG SGY GYP YPP PPG PGE GEE EEY EYF YFQ FQD	1
19848	QQY QYY YYN YNS NSP SPY PYT	ARV RVG VGR GRP RPS PSK SKG KGG GGW GWF WFD FDP	0
8696	ISY SYI YIS ISS SSN SNT NTR TRL	VRG RGV GVI VID IDK DKF KFD FDY	0
9240	QQY QYG YGS GSS SSP SPS PST	ARE REG EGT GTT TTG TGW GWG WGW GWL WLG LGK GKP KPI PIG IGA GAF AFA FAY	1
1404	AAW AWD WDD DDS DSL SLN LNA NAW AWV	ARQ RQV QVG VGA GAT ATW TWA WAF AFD FDI	0
989	AAW AWD WDD DDS DSL SLN LNG NGW GWV	ARV RVQ VQY QYS YSG SGY GYY YYD YDW DWF WFD FDP	0
1561	QQY QYL YLQ LQY QYP YPM PMT	ARG RGS GSF SFW FWF WFG FGY	0
1225	QQY QYE YEF	ARG RGK GKY KYC YCT CTA TAS ASD SDY DYY YYN YNW NWD WDF DFE FEH	1
284	QHY HYA YAG AGY GYS YSA SAT	ARK RKG KGS GSD SDR DRL RLS LSD SDN DND NDP DPF PFD FDA	0
413	GTW TWD WDS DSR SRL RLG LGI GIA IAV	VGL GLD LDW DWN WNY NYN YNP NPL PLR LRY	0
19757	QQS QSQ SQW QWY WYP YPI PIT	ARS RSY SYS YST STK TKL KLA LAM AMD MDY	0
19584	QQF QFS FSS SSY SYP YPY PYT	ARE REN ENY NYG YGS GSV SVY	0
748	QQR QRS RSN SNW NWP WPM PMY MYT	ATE TEG EGD GDN DND NDA DAF AFD FDI	0
1237	QSY SYD YDS DSS SSN SNV NVV	ARG RGI GIV IVF VFS FSY SYA YAM AMD MDV	0
925	QQY QYD YDN DNL NLP LPP PPL PLT	ARD RDR DRI RIV IVD VDD DDY DYY YYY YYY YYG YGM GMD MDV	0
825	CSY SYT YTH THN HNS NSG SGC GCV	AKG KGL GLL LLR LRD RDG DGS GSS SST STW TWL WLP LPY PYL	1
303	QQY QYN YNN NNW NWP WPP PPR PRY RYT	AGV GVY VYE YEG EGE GEA EAD ADE DEG EGE GEY EYR YRN RNN NNG NGF GFL FLK LKH	1
8692	LQH QHW HWS WSY SYP YPY PYT	ARY RYG YGH GHW HWS WSW SWG WGR GRW RWW WWN WNY NYW YWV WVA VAL ALD LDY	0
19779	QQR QRN RNN NNW NWY WYT	AIM IMV MVA VAT ATT TTK TKN KND NDF DFH FHY HYY YYK YKD KDV	0
535	QQS QSY SYT YTT TTP TPP PPT	ART RTW TWL WLL LLR LRW RWV WVM VMD MDL	0
854	CSY SYA YAG AGG GGK GKS KSL SLV	ARD RDG DGV GVR VRY RYY YYY YYD YDS DST STG TGY GYY YYP YPD PDN DNF NFF FFQ FQY QYG YGL GLD LDV	0
19661	QQS QSY SYS YST STP TPR PRT	ARD RDP DPS PSF SFW FWA WAA AAE AEY EYF YFQ FQH	0
19814	HMW MWD WDS DSR SRS RSG SGF GFS FSW SWS	ATA TAR ARR RRG RGQ GQR QRI RIY IYG YGV GVV VVS VSF SFG FGE GEF EFF FFY FYY YYY YYS YSM SMD MDV	1
971	QQY QYF YFS FSP SPP PPY PYT	ARG RGD GDG DGG GGL GLD LDD	0
19552	SSY SYT YTR TRR RRD RDT DTY TYV	ARE REP EPD PDY DYY YYD YDS DSS SSG SGY GYY YYP YPI PID IDA DAF AFD FDI	0
193	QVW VWD WDS DSS SSS SSD SDH DHA HAV	AKT KTR TRS RSY SYV YVV VVA VAA AAE AEY EYY YYF YFH FHY	0
908	QEY EYS YSS SST STP TPY PYN	ARD RDG DGL GLG LGE GEV EVA VAP APA PAY AYL YLY LYG YGI GID IDA	1
520	QVW VWD WDS DSD SDS DSD SDH DHV HVV	ARA RAG AGL GLE LEP EPR PRS RSV SVD VDY DYY YYF YFY FYG YGL GLD LDV	0
912	ATY TYD YDS DSD SDG DGS GSI SIR IRL	ARA RAE AEA EAA AAS ASD SDS DSH SHS HSR SRP RPI PIM IMF MFD FDH	1
909	QQS QSF SFQ FQT QTV TVG VGS	VRV RVT VTF TFY FYH YHE HEG EGS GSG SGY GYY YYY YYR YRA RAG AGN GNY NYF YFD FDS	1
19706	QQY QYY YYN YNY NYP YPL PLT	ARF RFV FVN VNW NWD WDG DGD GDY DYM YMD MDY	0
19608	QQY QYD YDG DGL GLP LPF PFT	AKH KHM HMS MSM SMQ MQQ QQV QVP VPG PGS GSG SGW GWE WER ERA RAD ADL DLV LVG VGD GDA DAF AFD FDV	0
807	QQY QYE YEF	TRG RGK GKY KYC YCT CTA TAR ARD RDY DYY YYN YNW NWD WDF DFE FEH	1
986	QSY SYD YDS DSS SSL SLS LSG SGS GSQ SQV	ARA RAL ALL LLT LTT TTV TVT VTT TTF TFE FEY	0
969	GSL SLV LVG VGN GNW NWD WDV DVI	ARF RFG FGG GGE GEV EVL VLR LRY RYT YTD TDW DWP WPK PKP KPA PAW AWV WVD VDL	1
19692	QQY QYG YGR GRS RSR SRW RWT	AKS KSG SGT GTQ TQY QYY YYD YDT DTT TTG TGY GYE YEY EYR YRG RGL GLE LEY EYF YFG FGY	0
19634	QEA EAY AYS YSS SST STP TPT PTL TLT	TAD ADL DLG LGE GEP EPV PVV VVS VSR SRF RFF FFE FEW EWG WGS GSY SYY YYY YYY YYM YMD MDL	1
19823	QNS NSG SGG GGG GGT GTP TPL PLI	SRD RDN DNF NFG FGT GTR TRP RPV PVP VPG PGR GRG RGY GYY YYY YYG YGM GMD MDV	1
19753	QQD QDG DGW GWS WSL SLI LIT	ARG RGY GYG YGW GWA WAL ALD LDY	0
19637	QES ESY SYS YSS SSV SVP VPM PMY MYI	TAD ADE DEG EGA GAP API PIL ILR LRF RFF FFE FEW EWG WGY GYY YYN YNY NYY YYM YMD MDV	1
691	AAW AWD WDD DDS DSL SLI LIG IGV GVV	ARD RDK DKN KNP NPG PGT GTK TKP KPY PYY YYH YHY HYG YGM GMD MDV	0
1563	QQA QAY AYK YKT KTP TPY PYT	ARD RDD DDY DYS YST STY TYA YAF AFA FAY	0
9248	HIW IWD WDS DSR SRR RRP RPT PTN TNW NWV	ATT TTK TKH KHG HGR GRR RRI RIY IYG YGV GVV VVA VAF AFK FKE KEW EWF WFT FTY TYF YFY FYM YMD MDV	1
1605	QQF QFE FEF	VRK RKG KGP GPS PSC SCP CPH PHC HCG CGD GDF DFH FHW HWQ WQH	1
662	QQF QFE FEF	VRR RRG RGS GSC SCD CDY DYC YCG CGD GDF DFP FPW PWQ WQY	1
390	QQL QLH LHF HFY FYP YPH PHT	AHR HRR RRG RGP GPT PTT TTL TLF LFG FGV GVP VPI PIA IAR ARG RGP GPV PVN VNA NAM AMD MDV	1
987	QQY QYN YNN NNW NWP WPY PYT	AYH YHR HRR RRG RGH GHF HFY FYG YGS GSG SGS GSA SAW AWD WDW DWF WFE FES	0
324	WSF SFA FAG AGS GSY SYY YYV	AGE GEL ELL LLP LPY PYY YYG YGM GMD MDV	0
19630	QQS QSH SHS HSP SPP PPV PVT	ARE REQ EQR QRN RNK NKD KDY DYR YRY RYG YGQ GQE QEG EGF GFG FGY GYS YSY SYG YGM GMD MDV	1
256	RSW SWD WDS DSN SNL NLS LSY SYS YSV	ARY RYF YFM FMS MSY SYK YKH KHL HLS LSD SDY	0
19613	MQG QGT GTH THW HWP WPP PPY PYT	ARG RGY GYA YAD ADT DTP TPV PVF VFR FRR RRY RYY YYY YYY YYG YGM GMD MDV	0
1275	QQY QYR YRY RYS YSP SPR PRT	ARG RGG GGV GVG VGS GSF SFD FDT	0
1560	QIL ILE LEF	ARG RGF GFA FAG AGY GYE YEW EWS WSF SFI	1
19788	MQA QAL ALQ LQT QTP TPA	ARE REG EGG GGH GHQ HQG QGY GYC YCS CSG SGG GGS GSC SCY CYD YDF DFD FDY	0
1314	QQH QHN HNE NEY EYP YPY PYT	ARM RMG MGS GSD SDY DYD YDV DVW VWF WFD FDY	0
325	WSF SFA FAG AGS GSY SYY YYV	AGE GEL ELL LLP LPY PYY YYG YGM GMD MDV	0
1591	QQR QRR RRS RSW SWP WPP PPL PLT	TTG TGD GDF DFS FSE SEF EFE FEP EPF PFS FSM SMD MDY DYF YFH FHF	0
326	AAW AWD WDD DDS DSL SLN LNG NGF GFW FWV	ART RTL TLR LRV RVS VSG SGD GDY DYV YVR VRD RDF DFD FDL	0
1373	QQS QSN SNN NNV NVP VPH PHT	ARD RDK DKK KKQ KQG QGE GEV EVV VVL VLP LPA PAA AAS ASF SFR FRW RWF WFA FAP	0
1327	QQY QYD YDG DGL GLP LPF PFT	AKH KHM HMS MSM SMQ MQQ QQV QVV VVS VSA SAG AGW GWE WER ERA RAD ADL DLV LVG VGD GDA DAF AFD FDV	0
357	SSY SYT YTS TSS SST STP TPY PYV YVL	ARE REF EFS FSS SSY SYT YTD TDH DHL HLE LEY EYY YYY YYD YDY DYY YYY YYM YMD MDV	1
866	QQS QSS SSS SSS SSL SLI LIT	ARY RYE YET ETL TLY LYW YWP WPY PYQ YQN QNS NSG SGM GMD MDY	0
1224	MQG QGL GLH LHS HSP SPW PWT	LTG TGS GSK SKH KHR HRL RLR LRD RDY DYF YFL FLY LYN YNE NEY EYG YGP GPN PNY NYE YEE EEW EWG WGD GDY DYL YLA LAT ATL TLD LDV	1
19849	QQY QYY YYN YNS NSP SPY PYT	ARV RVG VGR GRP RPS PSK SKG KGG GGW GWF WFD FDP	0
865	QQI QIS ISQ SQY QYP YPI PIT	ART RTG TGM GMY MYF YFG FGF GFF FFH FHH HHS HSW SWS WSN SNA NAA AAL ALD LDY	0
517	HIW IWD WDS DSR SRV RVP VPT PTK TKW KWV	ART RTL TLH LHG HGR GRR RRI RIY IYG YGI GIV IVA VAF AFN FNE NEW EWF WFT FTY TYF YFY FYM YMD MDV	0
19755	QQS QSQ SQW QWY WYP YPI PIT	ARS RSY SYS YST STK TKL KLA LAM AMD MDY	0
8705	QTW TWG WGA GAG AGI GIL ILV	AKF KFS FSG SGK GKD KDC DCS CSG SGT GTS TSC SCR CRD RDY	0
352	QQY QYS YSN SNY NYP YPL PLT	ARD RDN DNP NPT PTL TLL LLG LGS GSD SDY	1
1401	SSH SHT HTS TSR SRG RGT GTW TWV	ARD RDK DKV KVD VDD DDY DYG YGD GDY DYW YWF WFP FPT PTL TLW LWY WYF YFD FDY	0
50	QQG QGL GLL LLS LSP SPL PLT	ARF RFV FVF VFF FFL FLP LPY PYA YAM AMD MDY	0
891	QQY QYE YEF	VRT RTA TAD ADC DCE CER ERD RDP DPC PCK CKG KGW GWV WVF VFP FPH	1
19708	QQY QYG YGT GTS TSP SPL PLT	ASR SRQ RQH QHH HHE HEY EYF YFQ FQE	1
1391	LHY HYG YGT GTS TSP SPM PMY MYF	IAS ASS SST STT TTG TGW GWY WYV YVR VRE RED EDF DFD FDY	0
1355	QQY QYN YNT NTY TYS YSW SWW WWT	ASR SRL RLG LGV GVR VRA RAT ATT TTG TGD GDL DLD LDY	0
353	QQY QYN YNN NNW NWP WPP PPR PRY RYT	AGV GVY VYE YEG EGE GEA EAD ADE DEG EGE GEY EYD YDN DNN NNG NGF GFL FLK LKH	1
667	HIW IWD WDS DSR SRR RRP RPT PTN TNW NWV	ATT TTK TKH KHG HGR GRR RRI RIY IYG YGV GVV VVA VAF AFK FKE KEW EWF WFT FTY TYF YFY FYM YMD MDV	1
1025	QQY QYY YYS YSA SAP APL PLT	VRE REG EGP GPR PRA RAT ATG TGY GYS YSM SMA MAD ADV DVF VFD FDI	0
502	AAW AWD WDD DDS DSL SLK LKG KGA GAV	ARH RHG HGN GNY NYY YYY YYY YYS YSG SGM GMD MDV	0
960	QSY SYD YDS DSP SPT PTL TLT LTS TSP	ATV TVM VMG MGK GKW KWI WIK IKG KGG GGY GYD YDY	0
932	SSF SFA FAN ANS NSG SGP GPL	ARD RDR DRY RYF YFD FDL	0
19589	QHF HFY FYS YSV SVP VPW PWT	AKD KDR DRG RGP GPR PRG RGV GVG VGE GEL ELF LFD FDS	0
19588	QQY QYS YST STF TFW FWT	VRD RDR DRS RSN SNG NGW GWS WSS SSI SIN INL	0
19762	QQY QYY YYY YYG YGY GYP YPI PIT	ARY RYK YKY KYP YPY PYW YWS WSW SWY WYY YYY YYW YWG WGG GGM GMD MDY	0
199	QQH QHG HGN GNL NLP LPY PYT	ARP RPY PYL YLT LTY TYP YPQ PQR QRR RRG RGP GPQ PQN QNV NVS VSP SPF PFD FDN	0
822	QQY QYG YGS GSS SSP SPS PST	ARE REG EGT GTT TTG TGW GWG WGW GWL WLG LGK GKP KPI PIG IGA GAF AFQ FQH	1
477	QQS QSF SFY FYF YFP FPN PNT	ARG RGL GLG LGK GKG KGS GSK SKR KRG RGA GAM AMD MDY	0
19727	QSY SYD YDR DRR RRL RLS LSG SGS GSW SWV	ARA RAA AAY AYY YYD YDT DTS TSG SGY GYG YGD GDY	0
984	QQY QYY YYT YTT TTA TAT ATT	ARA RAG AGT GTL TLF LFA FAY	0
1372	MQG QGT GTH THW HWP WPY PYT	ARD RDR DRP RPH PHI HIL ILT LTG TGF GFD FDF DFD FDY	0
1254	QQY QYF YFY FYW YWP WPI PIT	ARS RSY SYS YSW SWS WSY SYA YAI AID IDY	0
