442	CV VV VN NE EN NN ND DM MR RF	CA AS SG GD DE EN NT TG GE EL LF FF	YLQPRTFLL
207	CA AL LS SE ES SM ME EY YG GN NK KL LV VF	CA AS ST TR RG GA AE EG GG GS SY YN NS SP PL LH HF	TTDPSFLGRY
174	CG GT TQ QS SS SN ND DY YK KL LS SF	CA AS SR RT TA AG GN NE EQ QY YF	TTDPSFLGRY
353	CA AA AS SV VI IW WG GS SS SA AS SK KI II IF	CA AS SS SY YS SS SR RR RV VY YT TG GE EL LF FF	TTDPSFLGRY
491	CV VV VN NN NN NN ND DM MR RF	CA AS SN NE EE EN NT TG GE EL LF FF	YLQPRTFLL
335	CA AR RG GG GA AT TN NK KL LI IF	CS SA AR RI IL LA AG GD DT TG GE EL LF FF	TTDPSFLGRY
21	CA AV VR RD DW WD DQ QF FY YF	CA AS SR RG GG GV VG GA AN NN NE EQ QF FF	LTDEMIAQY
121	CA AV VK KD DY YG GG GS SQ QG GN NL LI IF	CA AS SS SQ QD DL LG GS SN NQ QP PQ QH HF	LTDEMIAQY
42	CA AS SA AG GG GG GN NK KL LT TF	CA AS SR RE EG GR RA AY YN NE EQ QF FF	LTDEMIAQY
187	CA AM MR RA AT TG GG GF FK KT TI IF	CA AS SS SL LT TQ QG GL LN NT TE EA AF FF	TTDPSFLGRY
277	CA AV VP PG GR RG GY YQ QK KV VT TF	CA AS SS SE EW WG GA AT TE EA AF FF	TTDPSFLGRY
257	CA AG GQ QL LG GT TG GN NQ QF FY YF	CA AS SS SL LS SS SP PQ QE ET TQ QY YF	TTDPSFLGRY
590	CA AL LT TY YS SG GG GY YN NK KL LI IF	CA AS SS SV VG GG GS SE EK KN NT TE EA AF FF	YLQPRTFLL
577	CA AL LY YN NT TD DK KL LI IF	CA AI IS SG GR RQ QG GD DT TG GE EL LF FF	YLQPRTFLL
424	CA AR RM MD DS SN NY YQ QL LI IW	CA AS SS SV VK KP PD DS SP PA AE EA AF FF	YLQPRTFLL
127	CA AM MR RS SN NY YQ QL LI IW	CA AS SS SL LS SQ QG GS SQ QY YF	LTDEMIAQY
407	CA AF FG GD DT TG GR RR RA AL LT TF	CA AS SS SI IS SG GF FD DG GY YT TF	YLQPRTFLL
397	CA AV VT TN NS SN NY YQ QL LI IW	CA AS SR RL LG GT TG GE EV VG GE EL LF FF	YLQPRTFLL
159	CA AM MS ST TG GN NN NA AR RL LM MF	CA AS ST TD DG GG GF FG GY YT TF	TTDPSFLGRY
149	CA AA AS SV VG GN NN NA AR RL LM MF	CA AS SS SY YM MG GE EG GE EQ QF FF	TTDPSFLGRY
560	CA AG GL LN ND DY YK KL LS SF	CA AS ST TG GA AD DT TQ QY YF	YLQPRTFLL
261	CV VV VN NP PL LG GS SG GG GY YN NK KL LI IF	CA AS SS SS SS SA AE ES SS SY YN NE EQ QF FF	TTDPSFLGRY
522	CA AT TP PG GG GQ QK KL LV VF	CA AS ST TL LR RD DR RG GN NQ QP PQ QH HF	YLQPRTFLL
300	CA AM MR RE EP PR RS SN ND DY YK KL LS SF	CA AS SS SL LT TQ QG GF FT TE EA AF FF	TTDPSFLGRY
500	CV VV VN NR RR RD DD DM MR RF	CS SA AH HR RD DQ QN NT TG GE EL LF FF	YLQPRTFLL
134	CA AV VL LG GV VY YN NQ QG GG GK KL LI IF	CA AS SS SF FP PL LG GG GY YG GY YT TF	TTDPSFLGRY
131	CA AV VR RG GG GS SG GT TY YK KY YI IF	CA AS SS SM MP PN NA AN NT TG GE EL LF FF	LTDEMIAQY
550	CA AA AR RE EG GT TG GN NQ QF FY YF	CA AS SS SL LG GP PE EA AF FF	YLQPRTFLL
58	CA AG GL LN NY YG GG GS SQ QG GN NL LI IF	CA AS SS SP PR RD DR RV VN NT TG GE EL LF FF	LTDEMIAQY
276	CA AV VP PS SY YN NT TD DK KL LI IF	CA AS SS SH HD DG GY YQ QP PQ QH HF	TTDPSFLGRY
548	CV VV VN NN NA AD DK KL LI IF	CS SA AR RD DS SM MA AQ QN NT TG GE EL LF FF	YLQPRTFLL
177	CA AM MR RD DA AG GG GG GA AD DG GL LT TF	CA AI IG GT TG GP PM MN NT TE EA AF FF	TTDPSFLGRY
274	CA AA AV VG GG GY YQ QK KV VT TF	CA AS SS SY YR RG GS SS SL LS SS SY YE EQ QY YF	TTDPSFLGRY
194	CA AT TG GG GD DS SG GA AG GS SY YQ QL LT TF	CA AS SS SY YS ST TT TG GR RY YE EQ QF FF	TTDPSFLGRY
481	CA AA AS SG GG GG GG GG GA AD DG GL LT TF	CA AS SS SY YG GN NQ QP PQ QH HF	YLQPRTFLL
394	CV VV VN NR RY YD DG GL LT TF	CS SA AG GE ER RN NT TG GE EL LF FF	YLQPRTFLL
366	CA AT TD DG GG GY YK KL LS SF	CA AS SS SF FA AG GT TA AD DY YN NS SP PL LH HF	TTDPSFLGRY
528	CA AA AS SN NS SQ QE ET TS SG GS SR RL LT TF	CA AS ST TN NW WG GL LR RQ QP PQ QH HF	YLQPRTFLL
546	CA AV VS SG GG GG GA AD DG GL LT TF	CA AS SS SV VG GA AG GS SN NQ QP PQ QH HF	YLQPRTFLL
338	CA AV VR RS SS SG GG GS SY YI IP PT TF	CA AS SS SL LK KV VD DG GY YN NE EQ QF FF	TTDPSFLGRY
232	CA AA AS SA AG GP PI IG GF FG GN NV VL LH HC	CA AS SS SP PG GQ QR RS SY YN NE EQ QF FF	TTDPSFLGRY
268	CG GT TG GL LA AY YN NN ND DM MR RF	CA AS SS SR RP PE EG GE EQ QY YF	TTDPSFLGRY
137	CA AM MR RD DT TG GR RR RA AL LT TF	CA AS SS SL LV VG GG GA AG GE EQ QY YF	TTDPSFLGRY
331	CA AV VP PF FS SG GG GY YN NK KL LI IF	CA AT TS SR RA AG GQ QG GH HE EQ QY YF	TTDPSFLGRY
462	CA AA AI IN ND DY YK KL LS SF	CA AS SS SG GS SP PG GT TG GD DY YG GY YT TF	YLQPRTFLL
157	CA AA AG GA AG GT TA AS SK KL LT TF	CA AS SS SS SD DL LG GG GG GT TD DT TQ QY YF	TTDPSFLGRY
19	CA AA AE EA AA AG GN NK KL LT TF	CA AS SN NF FG GL LP PF FG GN NE EQ QF FF	LTDEMIAQY
502	CA AA AI IG GA AD DG GL LT TF	CA AI IS SE ES SV VR RN NS SN NQ QP PQ QH HF	YLQPRTFLL
553	CA AG GN NQ QG GG GK KL LI IF	CS SA AR RD DR RS SS SY YE EQ QY YF	YLQPRTFLL
447	CA AC CN NA AG GN NM ML LT TF	CA AS SR RT TD DG GL LA AG GY YN NE EQ QF FF	YLQPRTFLL
254	CV VV VS SD DQ QE EG GA AQ QK KL LV VF	CA AS SS SL LI IL LM MG GT TS SG GG GE EQ QF FF	TTDPSFLGRY
294	CA AV VV VP PT TF FG GG GS SY YI IP PT TF	CS SV VE EG GT TE ES SY YE EQ QY YF	TTDPSFLGRY
330	CA AA AS SV VG GV VN NF FN NK KF FY YF	CA AS SR RY YP PS SG GG GY YT TF	TTDPSFLGRY
198	CA AV VA AP PS SL LG GF FG GN NV VL LH HC	CA AS ST TK KG GG GT TD DT TQ QY YF	TTDPSFLGRY
334	CI IL LR RG GG GG GG GT TS SY YG GK KL LT TF	CA AS SS SD DQ QG GA AN NY YE EQ QY YF	TTDPSFLGRY
206	CA AA AS SS SG GN NT TG GK KL LI IF	CA AS SW WT TD DS SQ QG GE ET TQ QY YF	TTDPSFLGRY
404	CA AV VS SR RS SR RG GG GF FG GN NV VL LH HC	CS SA AR RD DP PW WQ QV VN NT TG GE EL LF FF	YLQPRTFLL
507	CA AG GG GS SQ QG GN NL LI IF	CA AS SS SY YP PW WD DS SQ QS SS SY YN NE EQ QF FF	YLQPRTFLL
35	CA AA AN NS SG GY YA AL LN NF	CA AS SS SL LA AL LA AG GR RN NY YN NE EQ QF FF	LTDEMIAQY
465	CA AM MR RE EG GN NN NY YG GQ QN NF FV VF	CA AS SQ QR RG GG GR RE EE ET TQ QY YF	YLQPRTFLL
247	CA AM MR RE EG GS SG GG GF FG GN NV VL LH HC	CS SV VL LT TT TG GP PG GQ QP PQ QH HF	TTDPSFLGRY
508	CV VV VN NR RN NN ND DM MR RF	CA AT TQ QS SD DP PN NT TG GE EL LF FF	YLQPRTFLL
22	CA AL LS SN NA AG GG GT TS SY YG GK KL LT TF	CA AS SS SV VI IQ QG GA AA AG GE EL LF FF	LTDEMIAQY
518	CA AG GQ QR RG GK KL LI IF	CS SA AR RI IA AR RI IN NA AY YE EQ QY YF	YLQPRTFLL
307	CA AT TG GF FS SG GG GY YN NK KL LI IF	CA AS SS SQ QY YR RE ET TS SD DT TQ QY YF	TTDPSFLGRY
6	CA AA AN NS SG GY YA AL LN NF	CA AS SS SL LA AL LA AG GI IR RY YN NE EQ QF FF	LTDEMIAQY
70	CA AL LS SP PP PG GS SR RL LT TF	CA AS SV VD DR RD DW WT TW WG GT TE EA AF FF	LTDEMIAQY
583	CA AV VR RD DS SN NY YQ QL LI IW	CA AS SS SP PG GA AP PG GQ QG GS SY YE EQ QY YF	YLQPRTFLL
139	CA AL LS SA AG GN NQ QF FY YF	CA AS SS SD DR RT TS SQ QE ET TQ QY YF	TTDPSFLGRY
278	CA AA AP PP PY YS SG GA AG GS SY YQ QL LT TF	CA AI IR RE ER RQ QF FC CR RY YF	TTDPSFLGRY
88	CA AF FM MR RG GD DG GQ QK KL LL LF	CA AS SS SL LA AI IG GD DK KV VE EQ QY YF	LTDEMIAQY
562	CV VV VN NR RY YD DD DM MR RF	CS SA AL LR RD DK KN NT TG GE EL LF FF	YLQPRTFLL
541	CA AV VR RD DR RG GS SQ QG GN NL LI IF	CA AS SS SP PD DR RG GG GG GY YT TF	YLQPRTFLL
138	CA AS SP PN NY YG GN NM ML LT TF	CA AS SK KQ QG GW WS SN NQ QP PQ QH HF	TTDPSFLGRY
348	CA AL LP PA AY YT TD DK KL LI IF	CA AS SR RI IR RG GG GP PG GT TD DT TQ QY YF	TTDPSFLGRY
584	CV VV VN NK KM MD DD DM MR RF	CS SA AR RT TD DH HN NT TG GE EL LF FF	YLQPRTFLL
523	CV VV VN NN NN NN ND DM MR RF	CA AG GQ QG GM MN NT TG GE EL LF FF	YLQPRTFLL
41	CA AV VN NV VG GG GG GS SN NY YK KL LT TF	CS SV VG GT TG GW WP PY YE EQ QY YF	LTDEMIAQY
422	CA AA AS SK KG GT TG GF FQ QK KL LV VF	CA AS SS SH HP PS SE EG GS SR RK KK KY YE EQ QY YF	YLQPRTFLL
552	CV VV VN NN NN NN ND DM MR RF	CA AI IE ED DL LN NT TG GE EL LF FF	YLQPRTFLL
104	CA AT TP PR RS SG GG GS SY YI IP PT TF	CA AI IS SE EE EH HT TG GE EY YQ QP PQ QH HF	LTDEMIAQY
103	CA AH HA AG GG GT TS SY YG GK KL LT TF	CA AS SR RS SG GT TG GT TY YE EQ QY YF	LTDEMIAQY
111	CA AG GG GH HT TP PL LV VF	CA AS SS SL LT TD DL LY YG GY YT TF	LTDEMIAQY
359	CA AL LS SE EA AL LG GA AA AG GN NK KL LT TF	CA AS SS SW WT TE EG GA AY YE EQ QY YF	TTDPSFLGRY
558	CA AL LG GG GS SN ND DY YK KL LS SF	CA AS SS SL LA AG GG GF FT TG GE EL LF FF	YLQPRTFLL
530	CV VV VN NK KE EN NN NL LF FF	CA AW WG GS SM MN NT TG GE EL LF FF	YLQPRTFLL
263	CA AP PH HR RR RE EA AG GG GS SY YI IP PT TF	CA AS SS SV VS SY YG GY YT TF	TTDPSFLGRY
133	CA AL LV VP PN NA AR RL LM MF	CA AS ST TD DR RW WA AG GD DT TQ QY YF	TTDPSFLGRY
475	CG GG GN NR RD DD DK KI II IF	CA AS SS SP PD DI IE EQ QY YF	YLQPRTFLL
72	CA AV VG GG GG GA AD DG GL LT TF	CA AS SV VN NP PT TG GA AK KN NI IQ QY YF	LTDEMIAQY
336	CA AA AS SA AE EG GN NT TG GK KL LI IF	CA AS SS SD DP PG GA AR RV VW WE EQ QY YF	TTDPSFLGRY
82	CA AV VR RG GG GQ QK KL LL LF	CA AR RT TG GQ QV VK KA AK KN NI IQ QY YF	LTDEMIAQY
343	CA AV VD DI IR RN NS SG GY YA AL LN NF	CA AS SS SW WT TQ QG GA AG GY YT TF	TTDPSFLGRY
242	CA AV VL LG GG GG GG GA AD DG GL LT TF	CA AS SS SV VY YE EL LS SL LP PG GA AA AQ QY YF	TTDPSFLGRY
464	CV VV VN NS SA AD DK KL LI IF	CA AS SS SP PE EI IK KA AF FF	YLQPRTFLL
226	CA AV VP PT TD DS SW WG GK KL LQ QF	CA AS SS SE EI II IS SG GN NY YG GY YT TF	TTDPSFLGRY
13	CA AV VN NS SG GG GS SN NY YK KL LT TF	CS SV VH HQ QG GW WP PY YE EQ QY YF	LTDEMIAQY
545	CA AQ QD DG GQ QN NF FV VF	CA AS SS SP PS SP PK KR RG GA AY YE EQ QY YF	YLQPRTFLL
230	CA AP PP PD DS SS SY YK KL LI IF	CA AS SS SL LQ QG GV VS SY YE EQ QY YF	TTDPSFLGRY
65	CA AV VR RG GG GS SG GT TY YK KY YI IF	CA AS SS SP PT TV VS SN NT TG GE EL LF FF	LTDEMIAQY
381	CA AL LN NT TG GN NQ QF FY YF	CA AS SS SI IS SH HS ST TD DT TQ QY YF	TTDPSFLGRY
128	CA AV VR RG GG GD DM MR RF	CA AS ST TN NR RG GG GI IT TY YE EQ QY YF	LTDEMIAQY
270	CA AL LN NN NA AG GN NM ML LT TF	CA AS SE EE EG GY YS SN NQ QP PQ QH HF	TTDPSFLGRY
582	CA AP PN NA AG GG GT TS SY YG GK KL LT TF	CA AS SS SV VA AY YR RG GN NE EQ QF FF	YLQPRTFLL
298	CA AA AV VG GP PT TG GT TA AS SK KL LT TF	CA AS SS SW WT TS SG GS SY YE EQ QY YF	TTDPSFLGRY
557	CV VV VN ND DG GN ND DM MR RF	CA AS SS SD DL LD DT TG GE EL LF FF	YLQPRTFLL
386	CA AV VR RG GT TG GR RR RA AL LT TF	CS SA AG GG GT TG GI IY YG GS SY YE EQ QY YF	YLQPRTFLL
466	CV VV VN NR RE ED DM ML LT TF	CA AW WT TR RD DR RN NT TG GE EL LF FF	YLQPRTFLL
405	CV VV VN NQ QA AD DK KL LS SF	CA AS SS SP PD DI IE EA AF FF	YLQPRTFLL
540	CA AA AS SV VG GS SN NN NN ND DM MR RF	CA AS SS SP PT TG GE EP PN NY YG GY YT TF	YLQPRTFLL
284	CA AL LS SG GA AG GN NQ QF FY YF	CA AS SS SS SR RG GP PH HG GD DE EQ QF FF	TTDPSFLGRY
362	CV VV VN NP PV VT TG GN NT TP PL LV VF	CA AS SR RW WT TD DG GI IM MN NT TE EA AF FF	TTDPSFLGRY
423	CV VV VN NG GG GD DK KI II IF	CA AS SS SL LD DI IE EA AF FF	YLQPRTFLL
214	CA AA AS SE EG GN NQ QF FY YF	CA AS SS SQ QE EG GQ QQ QW WG GR RD DG GY YT TF	TTDPSFLGRY
361	CA AV VV VF FS SG GG GY YN NK KL LI IF	CA AS SS SQ QS SR RD DR RV VD DF	TTDPSFLGRY
352	CA AM MS SH HS SG GA AG GS SY YQ QL LT TF	CA AS SS SL LW WG GA AH HT TE EA AF FF	TTDPSFLGRY
310	CL LV VG GD DI IP PP PM MK KL LI IF	CA AS SS SP PG GT TS SN NT TG GE EL LF FF	TTDPSFLGRY
3	CA AV VP PG GN NN ND DM MR RF	CA AS SS SN NP PG GP PW WG GS SP PL LH HF	LTDEMIAQY
47	CA AA AR RE EI IG GN NQ QF FY YF	CA AR RR RG GD DR RA AE EQ QY YF	LTDEMIAQY
59	CA AG GR RT TN NA AG GK KS ST TF	CA AW WS ST TG GG GT TW WT TG GE EL LF FF	LTDEMIAQY
164	CA AV VR RS SN NF FG GN NE EK KL LT TF	CA AS SS SL LI IL LA AG GL LN NQ QP PQ QH HF	TTDPSFLGRY
217	CA AM MR RD DW WA AL LT TG GG GG GN NK KL LT TF	CA AS SA AL LA AQ QA AY YE EQ QY YF	TTDPSFLGRY
513	CV VV VN NG GA AD DK KL LI IF	CA AS SS SL LD DI IE EA AF FF	YLQPRTFLL
116	CA AV VR RY YR RG GS ST TL LG GR RL LY YF	CA AS SS SR RG GT TS SG GR RG GI IN NE EQ QF FF	LTDEMIAQY
430	CA AA AS SI IK KA AG GS SA AR RQ QL LT TF	CA AS SS SL LD DI IE EQ QY YF	YLQPRTFLL
445	CV VV VN ND DL LD DK KL LI IF	CA AS SS SP PE ED DT TQ QY YF	YLQPRTFLL
515	CV VV VT TG GG GG GN NK KL LT TF	CA AS SS SQ QD DI IL LA AR RY YN NE EQ QF FF	YLQPRTFLL
56	CA AG GN NA AG GN NM ML LT TF	CA AS ST TG GP PG GG GL LA AA AG GE EQ QY YF	LTDEMIAQY
411	CA AV VN NG GL LG GM MG GG GG GA AD DG GL LT TF	CA AS SS SP PD DI IE EA AF FF	YLQPRTFLL
211	CA AA AR RR RW WA AI IG GA AG GK KS ST TF	CA AS SS SD DR RA AG GT TD DT TQ QY YF	TTDPSFLGRY
357	CA AP PF FS SG GG GY YQ QK KV VT TF	CA AT TW WD DS SD DT TG GE EL LF FF	TTDPSFLGRY
86	CG GR RG GA AQ QK KL LV VF	CA AS SS SE EY YL LG GE EL LF FF	LTDEMIAQY
511	CV VV VN NR RD DD DK KI II IF	CA AS SS SH HR RN NT TL LE EA AF FF	YLQPRTFLL
578	CA AM MR RG GV VS SG GF FG GN NE EK KL LT TF	CS SA AR RS SA AA AS ST TD DT TQ QY YF	YLQPRTFLL
471	CA AA AS SG GM MD DT TG GR RR RA AL LT TF	CA AS SS ST TR RT TE EG GT TE EA AF FF	YLQPRTFLL
119	CA AE EI IP PS SG GN NT TP PL LV VF	CA AS SS SL LG GT TK KN NI IQ QY YF	LTDEMIAQY
107	CA AL LT TN NA AG GG GT TS SY YG GK KL LT TF	CA AS SS SL LG GQ QP PA AG GE EQ QF FF	LTDEMIAQY
251	CA AM MS SA AP PE EY YS SS SA AS SK KI II IF	CA AS SS SW WT TS SG GS SY YE EQ QY YF	TTDPSFLGRY
332	CA AL LD DV VS SG GS SA AR RQ QL LT TF	CS SA AR RD DG GD DS SI IS SY YN NE EQ QF FF	TTDPSFLGRY
272	CA AV VN NS SG GG GY YQ QK KV VT TF	CA AS SS SF FE EN NT TG GE EL LF FF	TTDPSFLGRY
525	CA AT TD DD DR RG GA AQ QK KL LV VF	CS SA AS SG GG GS SY YG GS SY YN NE EQ QF FF	YLQPRTFLL
444	CA AA AF FF FK KT TQ QG GG GS SE EK KL LV VF	CA AS SS SP PH HP PS SD DT TQ QY YF	YLQPRTFLL
432	CA AA AM MI IY YS SG GA AG GS SY YQ QL LT TF	CA AS SS SQ QA AQ QA AG GN NT TI IY YF	YLQPRTFLL
235	CI IV VR RV VG GG GD DS SW WG GK KL LQ QF	CA AS SS SS SL LN NT TE EA AF FF	TTDPSFLGRY
440	CV VV VN NN NN NN ND DM MR RF	CA AS SG GE EA AN NT TG GE EL LF FF	YLQPRTFLL
191	CA AL LS SD DQ QR RA AA AG GN NK KL LT TF	CA AS SG GL LA AD DT TD DT TQ QY YF	TTDPSFLGRY
563	CV VV VN NA AP PS SG GN NT TP PL LV VF	CS SA AR RG GE EV VE EM MN NT TG GE EL LF FF	YLQPRTFLL
586	CA AV VP PH HP PS SN NF FG GN NE EK KL LT TF	CA AS SS SI IL LA AG GT TY YN NE EQ QF FF	YLQPRTFLL
373	CA AV VS SG GY YG GN NK KL LV VF	CA AS SS SS SS SG GP PV VN NE EQ QF FF	TTDPSFLGRY
32	CA AL LR RI IY YN NQ QG GG GK KL LI IF	CA AS SS SV VG GL LA AG GV VY YS SY YN NE EQ QF FF	LTDEMIAQY
267	CA AT TD DP PT TL LN NT TG GN NQ QF FY YF	CS SV VR RG GR RT TH HN NE EQ QF FF	TTDPSFLGRY
122	CA AV VQ QG GG GA AL LI IG GG GA AT TN NK KL LI IF	CA AS SS SL LG GG GN NQ QP PQ QH HF	LTDEMIAQY
123	CA AV VV VR RS SG GT TY YK KY YI IF	CA AS SS SL LT TG GT TG GA AL LY YE EQ QY YF	LTDEMIAQY
401	CV VV VK KN NR RD DD DK KI II IF	CA AS SS SQ QK KA AA AQ QG GV VS SS SY YE EQ QY YF	YLQPRTFLL
20	CA AA AS SG GG GA AQ QK KL LV VF	CA AS SS SK KL LV VA AN NT TG GE EL LF FF	LTDEMIAQY
44	CA AF FM MK KP PK KN NY YG GG GS SQ QG GN NL LI IF	CA AS SS SS SR RQ QG GP PK KE EY YG GY YT TF	LTDEMIAQY
196	CA AV VT TD DS SN NY YQ QL LI IW	CA AS SR RP PP PG GA AD DT TE EA AF FF	TTDPSFLGRY
67	CA AV VG GA AY YN NQ QG GG GK KL LI IF	CA AS SS SL LP PG GA AR RS SG GA AN NV VL LT TF	LTDEMIAQY
90	CA AM MR RE EG GP PG GA AG GS SY YQ QL LT TF	CA AS SR RS SG GQ QR RN NT TE EA AF FF	LTDEMIAQY
454	CV VV VN NN NN NN ND DM MR RF	CA AT TQ QD DT TN NT TG GE EL LF FF	YLQPRTFLL
315	CA AL LS SD DY YS SS SG GG GS SY YI IP PT TF	CA AS SS ST TA AR RL LG GD DT TG GE EL LF FF	TTDPSFLGRY
264	CA AL LP PL LG GE ED DK KI II IF	CA AS SS SL LS SS SP PF FW WE EQ QF FF	TTDPSFLGRY
337	CA AV VA AG GR RN NT TG GR RR RA AL LT TF	CA AS SS SQ QD DG GI IA AG GY YN NE EQ QF FF	TTDPSFLGRY
223	CA AM MD DP PL LT TG GG GG GN NK KL LT TF	CA AS SS SQ QG GQ QG GP PP PY YE EQ QY YF	TTDPSFLGRY
17	CI IV VR RV VF FR RK KK KG GQ QN NF FV VF	CA AS SS SL LA AH HQ QT TY YE EQ QY YF	LTDEMIAQY
5	CA AA AN NT TG GN NQ QF FY YF	CA AS SS SL LA AV VN NT TE EA AF FF	LTDEMIAQY
498	CA AA AS SG GL LK KM MD DS SS SY YK KL LI IF	CA AS SS SS ST TP PN NR RG GL LA AV VG GQ QY YF	YLQPRTFLL
275	CA AA AL LN NT TG GN NQ QF FY YF	CA AS SS SL LA AG GN NE EQ QY YF	TTDPSFLGRY
151	CA AV VR RD DN NR RD DD DY YK KL LS SF	CA AW WG GG GS ST TG GD DN NS SP PL LH HF	TTDPSFLGRY
488	CA AV VS SW WG GN NT TD DK KL LI IF	CA AS SS SE EF FP PG GP PS SD DG GY YT TF	YLQPRTFLL
564	CA AA AY YS SG GG GG GA AD DG GL LT TF	CA AC CT TG GR RG GG GN NG GY YT TF	YLQPRTFLL
385	CA AL LS SE EA AD DR RD DD DK KI II IF	CA AS ST TW WG GT TD DY YN NE EQ QF FF	TTDPSFLGRY
505	CA AA AS SL LN NN NF FN NK KF FY YF	CA AS SS SH HR RN NT TL LE EA AF FF	YLQPRTFLL
571	CV VN NM MD DS SN NY YQ QL LI IW	CS SA AR RG GS SS SQ QW WE ET TQ QY YF	YLQPRTFLL
244	CL LV VG GD DT TG GT TG GG GF FK KT TI IF	CA AS ST TS SG GG GT TQ QH HF	TTDPSFLGRY
347	CA AM MR RG GG GA AG GS SY YQ QL LT TF	CA AT TT TG GG GP PE EE EK KL LF FF	TTDPSFLGRY
249	CA AE EW WT TG GG GY YQ QK KV VT TF	CA AS SG GF FD DA AG GQ QG GS SY YE EQ QY YF	TTDPSFLGRY
356	CA AL LN NA AG GN NM ML LT TF	CA AS ST TT TG GT TG GY YA AE EA AF FF	TTDPSFLGRY
55	CV VV VN NA AR RG GY YD DK KV VI IF	CA AS SS SP PS ST TG GK KV VS ST TE EA AF FF	LTDEMIAQY
49	CA AF FM MK KL LY YN NF FN NK KF FY YF	CA AS SS SG GP PL LA AG GR RR RT TD DT TQ QY YF	LTDEMIAQY
243	CA AA AS SI IG GY YS ST TL LT TF	CS SV VR RL LA AG GG GS SG GE ET TQ QY YF	TTDPSFLGRY
504	CV VV VN ND DG GN NK KL LV VF	CA AS SQ QE EL LD DT TG GE EL LF FF	YLQPRTFLL
434	CA AF FA AR RN NT TG GG GF FK KT TI IF	CA AS SS SM MG GA AI IS SE EA AF FF	YLQPRTFLL
53	CA AV VN NM MQ QS SN ND DY YK KL LS SF	CS SV VG GK KG GW WP PY YE EQ QY YF	LTDEMIAQY
102	CA AV VR RG GG GS SG GT TY YK KY YI IF	CA AS SM MV VR RH HA AN NT TG GE EL LF FF	LTDEMIAQY
158	CA AF FS SS SG GN NT TP PL LV VF	CA AS SS SQ QE ED DR RW WV VI IG GE EL LF FF	TTDPSFLGRY
110	CA AV VN NT TG GN NQ QF FY YF	CA AS SR RW WA AP PG GE EL LF FF	LTDEMIAQY
290	CA AA AS SR RS SG GN NE EK KL LT TF	CA AS SS SL LV VT TG GE EQ QY YF	TTDPSFLGRY
193	CI IV VR RA AL LL LG GG GY YQ QK KV VT TF	CS SA AR RD DR RT TS SG GT TY YE EQ QY YF	TTDPSFLGRY
69	CA AM MR RS SN NY YQ QL LI IW	CA AS SS SE EA AQ QG GP PQ QH HF	LTDEMIAQY
437	CV VV VN NR RN NN ND DM MR RF	CA AT TQ QD DG GN NT TG GE EL LF FF	YLQPRTFLL
43	CA AA AL LF FT TG GG GG GN NK KL LT TF	CA AS SS SL LG GI IG GT TQ QP PQ QH HF	LTDEMIAQY
439	CV VV VN NI ID DT TD DK KL LI IF	CA AS SP PD DA AN NT TG GE EL LF FF	YLQPRTFLL
216	CA AM MR RV VW WG GN NN NN ND DM MR RF	CA AS SS SS SR RG GR RT TS SS SY YE EQ QY YF	TTDPSFLGRY
449	CA AV VR RD DL LN NM MD DT TG GR RR RA AL LT TF	CA AS SS SL LG GG GE EG GK KT TQ QY YF	YLQPRTFLL
329	CA AV VP PN NF FG GN NE EK KL LT TF	CA AS SG GL LG GS SS SY YE EQ QY YF	TTDPSFLGRY
358	CA AL LS ST TS SQ QG GN NL LI IF	CA AS SA AA AR RQ QG GS SD DE EQ QY YF	TTDPSFLGRY
495	CV VV VN NS SD DT TD DK KL LI IF	CA AS SG GG GT TN NT TG GE EL LF FF	YLQPRTFLL
210	CA AM MI IQ QY YN NN NN ND DM MR RF	CA AS SS SI IE ES SG GQ QL LW WE EL LF FF	TTDPSFLGRY
568	CA AA AS SE EG GG GG GS ST TL LG GR RL LY YF	CA AS SS SE ES ST TG GY YG GY YT TF	YLQPRTFLL
239	CA AG GQ QS SN NQ QF FY YF	CA AS SS SF FG GD DQ QP PQ QH HF	TTDPSFLGRY
480	CA AF FF FP PR RS SS ST TL LG GR RL LY YF	CA AT TL LG GT TS SG GH HN NE EQ QF FF	YLQPRTFLL
409	CA AL LR RP PS SE ET TS SG GS SR RL LT TF	CA AS SS SL LG GA AS SS SY YN NE EQ QF FF	YLQPRTFLL
400	CA AV VN NE EE ED DK KI II IF	CA AL LG GS SA AN NT TG GE EL LF FF	YLQPRTFLL
269	CA AL LS SG GT TG GN NQ QF FY YF	CA AS SG GQ QG GF FY YE EQ QY YF	TTDPSFLGRY
587	CV VV VN NN NP PD DS SG GY YA AL LN NF	CA AS SS SP PL LG GG GG GN NT TG GE EL LF FF	YLQPRTFLL
399	CA AV VQ QD DL LG GT TS SG GS SR RL LT TF	CA AS SS SA AR RT TG GE EL LF FF	YLQPRTFLL
302	CA AV VK KL LK KR RR RG GQ QN NF FV VF	CA AS SS SL LG GG GG GG GG GT TQ QP PQ QH HF	TTDPSFLGRY
527	CA AF FG GP PS SF FN NN ND DM MR RF	CA AS SS SL LR RL LT TD DR RA AT TY YE EQ QY YF	YLQPRTFLL
165	CA AL LM MT TG GN NQ QF FY YF	CA AS SS SP PG GF FP PE EQ QF FF	TTDPSFLGRY
520	CA AL LS SG GL LI IQ QG GG GS SE EK KL LV VF	CA AS SS SL LG GI IA AK KN NI IQ QY YF	YLQPRTFLL
355	CV VV VG GT TG GF FQ QK KL LV VF	CA AS SS SF FV VS SE EE EH HN NG GY YT TF	TTDPSFLGRY
572	CV VV VN NK KE ED DD DM MR RF	CA AT TL LT TD DA AN NT TG GE EL LF FF	YLQPRTFLL
529	CA AE EK KR RS SS SG GD DK KL LT TF	CA AS SS SL LD DI IK KA AF FF	YLQPRTFLL
271	CA AE EV VN NG GG GS SQ QG GN NL LI IF	CA AS SS SP PK KT TG GR RH HQ QE ET TQ QY YF	TTDPSFLGRY
91	CA AV VS SP PS SE EG GT TY YK KY YI IF	CA AS SS SL LD DD DG GD DR RW WG GY YT TF	LTDEMIAQY
120	CA AM MR RD DN NY YQ QL LI IW	CA AS SS SE EA AQ QG GP PQ QY YF	LTDEMIAQY
54	CA AI IR RN NN NY YQ QL LI IW	CA AS SS SG GG GN NT TI IY YF	LTDEMIAQY
142	CA AM ME ET TG GN NQ QF FY YF	CA AS SD DS SG GY YT TE EA AF FF	TTDPSFLGRY
99	CA AV VS SL LL LN NS SG GG GS SN NY YK KL LT TF	CS SV VG GQ QG GW WP PY YE EQ QY YF	LTDEMIAQY
579	CA AV VG GS SA AK KG GS ST TG GA AN NN NL LF FF	CA AS SR RT TG GQ QG GA AT TQ QY YF	YLQPRTFLL
360	CA AL LS SE EA AQ QY YN NN ND DM MR RF	CA AS SR RP PA AP PG GT TV VT TY YG GY YT TF	TTDPSFLGRY
118	CA AV VR RG GG GS SG GT TY YK KY YI IF	CA AS SS SL LP PR RA AN NT TG GE EL LF FF	LTDEMIAQY
368	CA AG GP PK KN NT TG GN NQ QF FY YF	CA AS SS SL LD DH HP PW WG GS SP PL LH HF	TTDPSFLGRY
147	CL LV VG GD DP PR RG GG GY YN NK KL LI IF	CA AS SK KG GG GQ QE ET TQ QY YF	TTDPSFLGRY
188	CA AF FK KG GG GT TS SY YG GK KL LT TF	CA AS SS SG GL LA AG GT TA AG GE ET TQ QY YF	TTDPSFLGRY
479	CA AG GG GD DN NF FN NK KF FY YF	CA AS SS SP PR RT TA AT TY YE EQ QY YF	YLQPRTFLL
154	CA AR RK KG GG GS ST TD DK KL LI IF	CA AS SS SL LG GG GG GL LN NY YG GY YT TF	TTDPSFLGRY
166	CA AA AN NR RN NN NN NA AR RL LM MF	CA AS SS SF FA AA AG GS SY YN NE EQ QF FF	TTDPSFLGRY
135	CA AP PA AV VY YN NF FN NK KF FY YF	CA AS SS SL LD DN NS SP PL LH HF	TTDPSFLGRY
345	CA AT TD DA AN NY YG GQ QN NF FV VF	CA AS SS SP PR RD DW WY YN NE EQ QF FF	TTDPSFLGRY
106	CA AL LR RH HG GG GA AT TN NK KL LI IF	CA AS SS SL LE EG GI IG GG GY YT TF	LTDEMIAQY
173	CA AA AS SD DG GF FG GN NE EK KL LT TF	CA AS SS SA AG GD DS SD DG GY YT TF	TTDPSFLGRY
289	CA AG GQ QP PA AG GT TA AL LI IF	CA AS SS SF FR RT TS SG GN NE EQ QY YF	TTDPSFLGRY
458	CA AV VN NG GL LS SG GG GG GA AD DG GL LT TF	CA AS SS SP PD DI IE EA AF FF	YLQPRTFLL
340	CA AT TD DG GD DS SG GY YA AL LN NF	CA AT TL LS SG GD DI IY YN NE EQ QF FF	TTDPSFLGRY
201	CA AL LM MG GS SQ QG GN NL LI IF	CA AS SS SL LD DS SP PY YE EQ QY YF	TTDPSFLGRY
266	CA AV VA AT TD DS SW WG GK KL LQ QF	CA AS SS SQ QQ QN NQ QP PQ QH HF	TTDPSFLGRY
526	CA AV VI IG GG GS SQ QG GN NL LI IF	CA AI IE ED DR RN NT TG GE EL LF FF	YLQPRTFLL
197	CA AA AS SG GG GF FG GN NE EK KL LT TF	CA AS SS SA AG GD DY YG GY YT TF	TTDPSFLGRY
12	CA AL LS SD DP PR RG GG GS SE EK KL LV VF	CA AS SS SQ QD DV VG GQ QG GV VL LY YG GY YT TF	LTDEMIAQY
265	CA AM MR RE EF FS SN ND DY YK KL LS SF	CA AS SS SL LR RD DS SG GD DT TQ QY YF	TTDPSFLGRY
342	CV VL LR RD DA AG GN NM ML LT TF	CA AS SS SR RD DR RG GE EY YN NE EQ QF FF	TTDPSFLGRY
538	CA AV VE EV VY YS SG GG GG GA AD DG GL LT TF	CA AW WS SG GF FA AN NT TG GE EL LF FF	YLQPRTFLL
459	CA AV VR RP PW WG GN NQ QF FY YF	CS SA AS SD DR RR RD DE EQ QF FF	YLQPRTFLL
96	CA AV VR RP PG GT TY YK KY YI IF	CA AS SS SY YR RL LA AG GG GV VP PH HN NE EQ QF FF	LTDEMIAQY
50	CA AA AS SL LD DS SS SA AS SK KI II IF	CA AS SS SG GT TV VT TS SS SS ST TD DT TQ QY YF	LTDEMIAQY
415	CA AV VT TR RR RD DN NT TD DK KL LI IF	CA AS SR RR RK KI IY YE EQ QY YF	YLQPRTFLL
16	CA AV VN ND DA AG GG GT TS SY YG GK KL LT TF	CA AS SS SL LG GG GP PG GT TG GY YE EQ QY YF	LTDEMIAQY
510	CA AA AM MN NY YG GG GS SQ QG GN NL LI IF	CA AS SS SY YR RG GT TG GL LN NE EQ QF FF	YLQPRTFLL
457	CV VV VN NG GN NT TD DK KL LI IF	CA AS SN NE EQ QN NS SN NE EQ QF FF	YLQPRTFLL
202	CA AG GG GA AD DK KL LI IF	CA AS SS SL LR RQ QG GA AD DT TQ QY YF	TTDPSFLGRY
581	CA AV VR RP PF FL LL LS SG GG GY YN NK KL LI IF	CA AS SS SL LA AS ST TD DT TQ QY YF	YLQPRTFLL
227	CV VV VN NA AP PR RF FW WT TG GG GY YQ QK KV VT TF	CA AS SS SL LS SA AP PK KP PF FY YN NS SP PL LH HF	TTDPSFLGRY
81	CA AV VR RD DE ED DD DK KI II IF	CA AS SS SL LP PG GR RG GE ET TQ QY YF	LTDEMIAQY
117	CA AM MR RE EA AD DS SS SG GS SA AR RQ QL LT TF	CA AS SS SP PQ QV VG GV VA AN NE EK KL LF FF	LTDEMIAQY
218	CA AV VR RS SR RG GN NN NR RL LA AF	CA AS SS SP PS SG GS SL LE EQ QY YF	TTDPSFLGRY
33	CA AV VS SH HS SG GG GS SN NY YK KL LT TF	CA AS SS SH HF FV VL LG GP PR RG GG GE ET TQ QY YF	LTDEMIAQY
328	CA AV VS SA AI IS SN NF FG GN NE EK KL LT TF	CA AS SS SV VG GF FP PG GE EL LF FF	TTDPSFLGRY
324	CA AL LS SG GT TG GN NQ QF FY YF	CA AS SS SL LS SG GP PL LE ET TQ QY YF	TTDPSFLGRY
241	CA AV VR RD DR RM MN NR RD DD DK KI II IF	CA AS SS SL LT TD DS ST TD DT TQ QY YF	TTDPSFLGRY
204	CA AM MS SA AR RS SG GY YS ST TL LT TF	CA AS SS SL LL LP PE EQ QE ET TQ QY YF	TTDPSFLGRY
78	CA AN NG GE EG GS SQ QG GN NL LI IF	CA AW WS SV VG GQ QG GA AR RE EQ QY YF	LTDEMIAQY
486	CV VV VN NM ME ED DK KL LV VF	CA AS SL LR RQ QN NS SG GE EQ QF FF	YLQPRTFLL
392	CA AV VS SD DS SN NY YQ QL LI IW	CA AS SS SD DS SD DG GT TT TD DT TQ QY YF	YLQPRTFLL
417	CV VV VN NE EA AD DK KL LI IF	CA AS SS SE EQ QN NT TG GE EL LF FF	YLQPRTFLL
160	CR RG GN NK KL LV VF	CA AS SS SP PT TH HS ST TD DT TQ QY YF	TTDPSFLGRY
512	CA AL LS SG GG GS SS SN NT TG GK KL LI IF	CA AS SS SQ QD DH HY YY YN NE EQ QF FF	YLQPRTFLL
484	CA AV VG GL LT TW WG GK KL LQ QF	CS SA AR RD DG GG GT TD DT TQ QY YF	YLQPRTFLL
45	CA AV VR RG GS SP PG GT TY YK KY YI IF	CA AS SL LN NR RA AA AN NT TG GE EL LF FF	LTDEMIAQY
26	CA AY YR RS SS SN NY YQ QL LI IW	CA AS SS SL LV VP PQ QG GP PN NY YG GY YT TF	LTDEMIAQY
472	CA AV VS SD DR RN NT TN NA AG GK KS ST TF	CA AS SS SE EQ QV VT TG GD DN NE EQ QF FF	YLQPRTFLL
393	CV VV VN NR RD DD DK KI II IF	CA AS SI IV VR RN NS SL LE EA AF FF	YLQPRTFLL
285	CA AL LG GG GS SQ QG GN NL LI IF	CA AS SS SP PR RS SG GF FD DE EQ QY YF	TTDPSFLGRY
195	CI IP PD DY YG GG GS SQ QG GN NL LI IF	CA AS SY YS SG GT TV VN NS SP PL LH HF	TTDPSFLGRY
413	CV VV VN NK KE ED DD DM MR RF	CA AS ST TE ET TN NT TG GE EL LF FF	YLQPRTFLL
94	CA AK KY YN NF FN NK KF FY YF	CA AS SG GE ED DS SL LV VY YG GY YT TF	LTDEMIAQY
87	CA AG GP PR RN NA AG GN NM ML LT TF	CS SV VR RG GT TL LD DS SY YN NE EQ QF FF	LTDEMIAQY
363	CA AL LD DV VI IT TG GG GG GN NK KL LT TF	CA AS SS SL LR RV VA AG GE EQ QF FF	TTDPSFLGRY
565	CA AL LS SN ND DY YK KL LS SF	CA AS SS SL LA AS SS ST TA AY YG GY YT TF	YLQPRTFLL
31	CA AV VR RD DG GG GF FG GN NV VL LH HC	CA AS SS SY YD DN NG GG GN NT TG GE EL LF FF	LTDEMIAQY
236	CI IL LP PL LL LG GG GT TS SY YG GK KL LT TF	CA AS SS SL LG GQ QA AY YE EQ QY YF	TTDPSFLGRY
282	CA AA AT TP PG GS SN NY YK KL LT TF	CA AS SS SF FT TP PG GG GQ QE ET TQ QY YF	TTDPSFLGRY
304	CG GP PG GG GY YN NK KL LI IF	CS SV VE EG GD DL LS SG GD DE EQ QF FF	TTDPSFLGRY
9	CA AV VR RG GG GS SG GT TY YK KY YI IF	CA AS SI IN NR RA AA AN NT TG GE EL LF FF	LTDEMIAQY
351	CA AV VP PA AG GT TA AL LI IF	CA AS ST TQ QD DS SY YG GY YT TF	TTDPSFLGRY
71	CG GA AD DT TA AI IQ QG GA AQ QK KL LV VF	CA AS SS SY YL LQ QG GT TQ QE ET TQ QY YF	LTDEMIAQY
382	CA AL LH HD DY YK KL LS SF	CA AS SS SL LS SA AG GL LD DE EQ QF FF	TTDPSFLGRY
395	CV VV VN NT TG GL LT TG GG GG GN NK KL LT TF	CA AE EQ QD DM MN NT TG GE EL LF FF	YLQPRTFLL
209	CA AF FP PN NR RA AG GG GT TS SY YG GK KL LT TF	CA AS SS SL LE EW WL LG GT TT TW WD DE EQ QF FF	TTDPSFLGRY
503	CV VV VN NN NN NN ND DM MR RF	CA AT TQ QD DQ QN NT TG GE EL LF FF	YLQPRTFLL
419	CA AV VN NR RD DD DK KI II IF	CA AS SS SL LD DI IE EA AF FF	YLQPRTFLL
29	CV VV VN NI IG GS ST TL LT TF	CA AS SS ST TG GG GR RG GE EQ QF FF	LTDEMIAQY
215	CA AV VH HS SG GY YS ST TL LT TF	CA AS SS SE ED DH HR RV VT TG GN NT TI IY YF	TTDPSFLGRY
296	CA AV VP PS SF FG GN NE EK KL LT TF	CA AS SS SA AF FF FE ES SG GE EL LF FF	TTDPSFLGRY
574	CA AT TE EE ET TS SG GS SR RL LT TF	CA AS SS SL LE EA AG GD DY YN NE EQ QF FF	YLQPRTFLL
38	CV VF FY YQ QG GG GK KL LI IF	CA AS SR RD DE EG GR RG GR RY YG GA AN NV VL LT TF	LTDEMIAQY
450	CV VV VN NG GL LI IN NN NA AG GN NM ML LT TF	CA AT TQ QG GM MN NT TG GE EL LF FF	YLQPRTFLL
455	CV VV VN NS SF FD DK KL LI IF	CA AS SS SL LE EI IE EQ QY YF	YLQPRTFLL
51	CA AT TD DY YR RG GG GQ QK KL LL LF	CA AW WT TR RR RD DG GG GE EL LF FF	LTDEMIAQY
317	CA AV VD DP PS SN NS SG GY YA AL LN NF	CA AS SS SL LT TQ QG GG GV VL LF FF	TTDPSFLGRY
468	CA AG GL LN NY YG GG GS SQ QG GN NL LI IF	CA AS SS SL LS SL LS SQ QG GS SF FG GY YT TF	YLQPRTFLL
473	CV VV VN NR RV VD DG GY YA AL LN NF	CA AW WE ED DR RN NT TG GE EL LF FF	YLQPRTFLL
326	CA AL LS SE ED DG GT TG GG GF FK KT TI IF	CA AS SE ER RR RG GL LS SG GY YT TF	TTDPSFLGRY
418	CV VV VN NR RA AD DK KL LV VF	CA AS SS SD DA AN NT TG GE EL LF FF	YLQPRTFLL
240	CA AL LS SG GN NT TD DK KL LI IF	CA AS SS SL LA AG GG GI IV VD DE EQ QF FF	TTDPSFLGRY
496	CA AV VN NT TG GF FQ QK KL LV VF	CA AS SS SL LY YG GG GY YE EQ QY YF	YLQPRTFLL
354	CL LP PK KY YN NT TD DK KL LI IF	CA AS SS SI IS SH HS ST TD DT TQ QY YF	TTDPSFLGRY
428	CA AV VN NS SA AD DK KL LI IF	CA AS SS SR RD DI IE EA AF FF	YLQPRTFLL
501	CV VV VN ND DR RD DR RL LM MF	CA AS SQ QD DR RN NT TG GE EL LF FF	YLQPRTFLL
311	CG GA AN NG GA AN NN NL LF FF	CA AS SS SS ST TS SG GV VT TD DT TQ QY YF	TTDPSFLGRY
535	CA AV VN NG GF FS SG GG GY YN NK KL LI IF	CA AS SS SP PG GE EA AR RG GE EQ QF FF	YLQPRTFLL
280	CA AM MS SL LG GS SF FG GN NV VL LH HC	CA AS SN NP PG GG GV VE ET TQ QY YF	TTDPSFLGRY
580	CI IV VR RS SD DY YK KL LS SF	CA AS SS SL LP PG GY YY YG GY YT TF	YLQPRTFLL
10	CA AG GR RS SN NA AG GK KS ST TF	CA AW WS SV VG GG GS SW WV VG GE EL LF FF	LTDEMIAQY
410	CA AM MR RE ET TN NF FG GN NE EK KL LT TF	CA AS SS SR RN NR RY YT TD DT TQ QY YF	YLQPRTFLL
144	CA AV VQ QR RP PP PT TD DS SW WG GK KL LQ QF	CA AS SS SL LS SL LI IY YE EQ QY YF	TTDPSFLGRY
295	CA AM MR RE EP PW WL LL LT TG GG GG GN NK KL LT TF	CA AS SS SL LA AG GA AS SS SY YN NE EQ QF FF	TTDPSFLGRY
483	CA AV VS SF FQ QT TG GA AN NN NL LF FF	CA AS SR RE EE ET TG GI IR RF FY YE EQ QY YF	YLQPRTFLL
287	CA AA AS SI IG GL LN NT TG GN NQ QF FY YF	CA AS SS SF FT TG GN ND DD DY YE EQ QY YF	TTDPSFLGRY
438	CA AV VT TP PL LY YG GG GS SQ QG GN NL LI IF	CA AS SS SL LV VG GT TS SG GR RP PA AG GD DE EQ QF FF	YLQPRTFLL
52	CA AP PG GT TG GR RR RA AL LT TF	CA AS SS SK KE EA AG GG GP PS SG GE EL LF FF	LTDEMIAQY
555	CA AG GE EA AG GT TA AL LI IF	CA AS SS SI IL LA AG GG GG GT TD DT TQ QY YF	YLQPRTFLL
185	CA AM MR RE EG GL LG GS SG GG GS SN NY YK KL LT TF	CA AS SS SL LT TA AP PT TD DT TQ QY YF	TTDPSFLGRY
101	CA AA AS SN NQ QA AG GT TA AL LI IF	CA AS SI IG GM MY YR RN NE EQ QF FF	LTDEMIAQY
113	CA AV VR RD DI IS SD DG GQ QK KL LL LF	CA AS SS SP PL LS SY YE EQ QY YF	LTDEMIAQY
183	CA AV VD DT TG GR RR RA AL LT TF	CA AS SS SS SD DP PS SS SD DY YE EQ QY YF	TTDPSFLGRY
279	CA AV VR RD DR RW WD DD DY YK KL LS SF	CA AC CA AG GF FL LH HH HT TG GE EL LF FF	TTDPSFLGRY
179	CA AM MS SR RN ND DY YK KL LS SF	CA AS SS SA AF FR RG GE EG GE EK KL LF FF	TTDPSFLGRY
297	CA AV VA AP PL LR RA AD DG GQ QK KL LL LF	CA AS SS SL LD DQ QD DR RA AY YT TG GE EL LF FF	TTDPSFLGRY
377	CA AE EA AA AP PT TG GT TA AS SK KL LT TF	CA AS SS SF FT TS SG GS SY YE EQ QY YF	TTDPSFLGRY
414	CV VV VN NA AP PS SG GN NT TP PL LV VF	CS SA AR RD DL LG GA AQ QN NT TG GE EL LF FF	YLQPRTFLL
388	CA AG GD DG GN NF FG GN NE EK KL LT TF	CA AS SS SQ QD DP PG GR RG GS SP PL LH HF	YLQPRTFLL
259	CA AV VL LS SG GN NT TG GK KL LI IF	CA AS SS SL LD DG GY YT TG GE EL LF FF	TTDPSFLGRY
429	CA AT TA AS SG GG GG GA AD DG GL LT TF	CA AS SS SL LV VS SP PG GF FG GT TE EA AF FF	YLQPRTFLL
380	CA AV VE ER RN NA AG GN NM ML LT TF	CA AS SS SP PL LS SG GL LK KE EY YF	TTDPSFLGRY
73	CA AT TN NT TG GN NQ QF FY YF	CA AS SS SE EA AA AN NQ QP PQ QH HF	LTDEMIAQY
554	CV VV VN NA AG GD DK KL LT TF	CA AS SS SP PD DI IE EQ QF FF	YLQPRTFLL
163	CA AE ES SL LG GG GY YS ST TL LT TF	CA AS ST TD DS SD DT TQ QY YF	TTDPSFLGRY
467	CA AA AS SY YD DS SG GA AG GS SY YQ QL LT TF	CA AS SS SD DL LK KG GS ST TD DT TQ QY YF	YLQPRTFLL
250	CA AV VF FS SG GN NT TG GK KL LI IF	CS SV VE EQ QG GT TY YE EQ QY YF	TTDPSFLGRY
0	CA AV VD DI IR RA AG GN NM ML LT TF	CA AS SS SL LA AG GY YE EQ QY YF	LTDEMIAQY
150	CV VG GT TP PD DY YQ QL LI IW	CA AS SR RL LQ QG GA AG GT TE EA AF FF	TTDPSFLGRY
258	CA AV VR RV VP PS SG GA AG GS SY YQ QL LT TF	CA AS SR RE ET TG GR RA AA AG GN NT TI IY YF	TTDPSFLGRY
406	CG GA AE ET TS SG GS SR RL LT TF	CA AS SS SL LA AE EG GP PR RY YG GY YT TF	YLQPRTFLL
489	CA AV VG GD DN NF FN NK KF FY YF	CA AS SS SR RT TS SA AK KL LG GE EQ QY YF	YLQPRTFLL
80	CA AT TD DG GN NN NN NA AG GN NM ML LT TF	CA AS SS SV VA AG GS SS SY YE EQ QY YF	LTDEMIAQY
378	CA AA AN NR RL LG GG GT TS SY YG GK KL LT TF	CA AS SS SE EG GL LV VY YE EQ QY YF	TTDPSFLGRY
431	CV VV VN NR RD DN ND DM MR RF	CA AS SQ QI IL LN NT TG GE EL LF FF	YLQPRTFLL
533	CA AV VK KD DK KL LI IF	CA AS SS SL LT TS SG GS SE EQ QF FF	YLQPRTFLL
156	CA AV VG GL LN NT TG GT TA AS SK KL LT TF	CA AS SS SW WT TS SG GS SH HE EQ QY YF	TTDPSFLGRY
531	CA AT TR RN NT TD DK KL LI IF	CA AS SS SF FG GR RG GG GS SQ QP PQ QH HF	YLQPRTFLL
169	CA AG GQ QE ET TG GN NQ QF FY YF	CA AS SS ST TS SS SP PQ QE ET TQ QY YF	TTDPSFLGRY
494	CV VV VN NR RG GD DK KL LV VF	CA AS SD DD DP PN NT TG GE EL LF FF	YLQPRTFLL
181	CA AQ QS SN NY YK KL LT TF	CA AS SS ST TR RA AT TN NE EK KL LF FF	TTDPSFLGRY
532	CV VV VN NQ QV VP PG GY YA AL LN NF	CS SV VE EK KD DR RN NT TG GE EL LF FF	YLQPRTFLL
350	CA AL LS SG GP PT TG GT TA AS SK KL LT TF	CA AS SS SW WT TS SG GS SY YE EQ QY YF	TTDPSFLGRY
125	CA AV VK KK KI IG GA AG GN NM ML LT TF	CA AS SS SL LG GD DS SY YN NE EQ QF FF	LTDEMIAQY
293	CA AL LG GG GS SQ QG GN NL LI IF	CA AS SS SY YR RD DG GG GD DE EQ QY YF	TTDPSFLGRY
514	CV VV VN NQ QA AD DK KL LI IF	CA AT TG GL LA AN NT TG GE EL LF FF	YLQPRTFLL
14	CA AF FM MK KT TG GA AN NS SK KL LT TF	CA AI IS SG GP PE ET TN NQ QP PQ QH HF	LTDEMIAQY
485	CV VV VG GT TG GG GG GN NK KL LT TF	CS SA AN NR RA AG GK KN NI IQ QY YF	YLQPRTFLL
314	CA AP PS SK KG GG GY YN NK KL LI IF	CA AI IY YG GG GP PD DG GA AN NT TG GE EL LF FF	TTDPSFLGRY
325	CA AV VS SL LG GN NR RL LA AF	CA AS SG GI IA AG GP PT TD DT TQ QY YF	TTDPSFLGRY
374	CA AL LI IL LP PY YS SG GG GG GA AD DG GL LT TF	CS SA AR RD DP PG GT TG GA AY YY YG GY YT TF	TTDPSFLGRY
435	CA AA AR RD DF FG GT TY YK KY YI IF	CS SA AY YD DR RG GV VS SS SN NQ QP PQ QH HF	YLQPRTFLL
286	CA AL LG GG GS SQ QG GN NL LI IF	CA AS SS SF FR RD DG GG GD DT TQ QY YF	TTDPSFLGRY
92	CA AA AR RG GP PS SG GY YS ST TL LT TF	CA AI IS SE EP PG GS SN NT TE EA AF FF	LTDEMIAQY
383	CA AV VW WD DN NQ QG GG GK KL LI IF	CS SV VE ED DR RN NS SY YE EQ QY YF	TTDPSFLGRY
146	CA AM MR RG GY YG GG GS SQ QG GN NL LI IF	CA AS SS SQ QE EW WR RE EF FL LR RE EQ QF FF	TTDPSFLGRY
172	CA AL LS SG GY YT TG GG GG GN NK KL LT TF	CA AS SS SP PR RD DH HQ QE ET TQ QY YF	TTDPSFLGRY
260	CA AV VP PN NF FG GN NE EK KL LT TF	CA AS SS SL LS SG GL LG GE ET TQ QY YF	TTDPSFLGRY
213	CV VV VN NM MD DS SN NY YQ QL LI IW	CA AS SS SL LQ QR RE EY YP PY YE EQ QY YF	TTDPSFLGRY
303	CA AL LS SA AG GR RR RA AL LT TF	CA AS SS SL LY YE ES SH HN NE EQ QF FF	TTDPSFLGRY
97	CA AV VR RP PR RG GE EW WR RS SG GT TY YK KY YI IF	CA AS SS SA AG GE EA AG GE EL LF FF	LTDEMIAQY
8	CA AE EN NI IF FS SG GG GY YN NK KL LI IF	CA AS SS SD DT TQ QG GS SQ QP PQ QH HF	LTDEMIAQY
561	CA AG GA AC CG GN NQ QF FY YF	CA AS SS SP PT TP PS SG GQ QG GT TA AD DT TQ QY YF	YLQPRTFLL
543	CA AL LS SV VG GT TG GA AN NN NL LF FF	CA AS SS SI IS SG GS SG GS SD DT TQ QY YF	YLQPRTFLL
79	CA AV VP PS SG GY YA AL LN NF	CA AT TT TE EQ QG GS SL LI IE EQ QY YF	LTDEMIAQY
403	CA AV VN NM MD DD DK KI II IF	CA AS SS SP PD DI IE EA AF FF	YLQPRTFLL
7	CA AL LR RI IY YN NQ QG GG GK KL LI IF	CA AS SS SL LG GL LA AG GG GA AS SY YN NE EQ QF FF	LTDEMIAQY
461	CV VV VN NE EA AD DK KL LI IF	CS SA AR RD DG GV VA AH HN NT TG GE EL LF FF	YLQPRTFLL
37	CA AS SD DN NA AG GN NN NR RK KL LI IW	CA AT TR RG GE EG GA AQ QY YS SP PL LH HF	LTDEMIAQY
63	CI IV VP PR RG GG GA AD DG GL LT TF	CA AS SS SP PG GI IP PN NY YG GY YT TF	LTDEMIAQY
222	CL LL LG GF FG GN NV VL LH HC	CA AS SS SD DR RD DS SQ QQ QP PQ QH HF	TTDPSFLGRY
62	CA AV VR RH HR RG GG GQ QK KL LL LF	CA AS SS SP PS SG GS SF FE EQ QF FF	LTDEMIAQY
559	CA AV VN NT TL LM MY YS SG GG GG GA AD DG GL LT TF	CA AS SS SP PD DI IE EA AF FF	YLQPRTFLL
308	CG GT TG GG GS SD DS SW WG GK KL LQ QF	CA AS SS SF FS SL LR RG GR RE EP PQ QH HF	TTDPSFLGRY
534	CL LV VG GE EN NF FN NK KF FY YF	CA AS SS SL LG GQ QS SL LE EQ QY YF	YLQPRTFLL
171	CA AS SG GG GS SQ QG GN NL LI IF	CA AS SS SS SR RA AA AS ST TD DT TQ QY YF	TTDPSFLGRY
369	CA AL LS SA AN NQ QA AG GT TA AL LI IF	CA AS SS SL LR RS SG GL LD DT TQ QY YF	TTDPSFLGRY
221	CA AE ES SK KS SG GY YN NK KL LI IF	CA AS SS SL LV VP PG GH HN NE EQ QF FF	TTDPSFLGRY
539	CI IP PI IS SG GG GY YN NK KL LI IF	CA AS SS SQ QE EG GV VG GQ QG GW WS SP PL LH HF	YLQPRTFLL
60	CA AV VR RV VD DS SN NY YQ QL LI IW	CA AS SS SF FT TG GR RR RE ET TQ QY YF	LTDEMIAQY
225	CA AM MS SA AI IE ET TS SG GS SR RL LT TF	CA AS SS SV VA AY YE EQ QY YF	TTDPSFLGRY
364	CL LV VG GD DW WG GN NY YG GQ QN NF FV VF	CS SG GK KP PR RG GG GA AI IY YE EQ QY YF	TTDPSFLGRY
34	CV VA AR RM MD DS SS SY YK KL LI IF	CA AS SS SD DS SG GF FG GY YG GY YT TF	LTDEMIAQY
1	CG GT TE EL LR RG GK KL LI IF	CA AS SS SL LG GF FP PN NQ QP PQ QH HF	LTDEMIAQY
30	CA AA AN NT TG GN NQ QF FY YF	CA AS SS SF FA AV VN NT TE EA AF FF	LTDEMIAQY
470	CG GT TE ER RE EA AQ QG GG GS SE EK KL LV VF	CA AS SR RG GR RQ QG GR RW WS SS SG GA AN NV VL LT TF	YLQPRTFLL
443	CA AV VR RS SS SG GG GS SY YI IP PT TF	CA AS SS ST TR RD DS SN NQ QP PQ QH HF	YLQPRTFLL
27	CA AG GR RL LL LI IY YG GQ QN NF FV VF	CA AT TG GL LG GF FD DY YG GY YT TF	LTDEMIAQY
460	CV VV VN NR RR RD DD DM MR RF	CA AS ST TE EG GN NT TG GE EL LF FF	YLQPRTFLL
589	CA AG GQ QL LR RG GG GS SE EK KL LV VF	CS SA AS ST TD DR RE EL LN NE EQ QY YF	YLQPRTFLL
130	CA AG GA AL LG GG GA AG GS SY YQ QL LT TF	CS SV VL LT TG GW WP PY YE EQ QY YF	LTDEMIAQY
25	CA AA AL LG GN NQ QF FY YF	CA AS SS SL LG GA AG GT TY YE EQ QY YF	LTDEMIAQY
167	CA AG GH HP PD DN NT TD DK KL LI IF	CS SV VV VV VI IS SA AD DT TQ QY YF	TTDPSFLGRY
175	CA AG GL LI IG GF FG GN NV VL LH HC	CS SV VA AS SS SE EA AF FF	TTDPSFLGRY
456	CV VV VN NW WQ QY YG GN NK KL LV VF	CA AG GQ QD DS SN NT TG GE EL LF FF	YLQPRTFLL
492	CV VP PR RD DT TG GR RR RA AL LT TF	CA AS SS SS SI IY YG GT TS SY YE EQ QY YF	YLQPRTFLL
23	CA AV VD DL LS SG GS SA AR RQ QL LT TF	CS SA AR RG GD DR RG GE EG GY YE EQ QY YF	LTDEMIAQY
448	CV VV VN NK KE ED DR RL LM MF	CA AF FG GQ QQ QN NT TG GE EL LF FF	YLQPRTFLL
192	CA AL LG GG GS SQ QG GN NL LI IF	CA AS SS SL LR RS SG GQ QD DE EQ QF FF	TTDPSFLGRY
252	CA AD DL LN NS SG GY YS ST TL LT TF	CA AS SI ID DD DS SL LE EN NY YG GY YT TF	TTDPSFLGRY
517	CV VV VN NE EY YD DD DM MR RF	CS SA AR RD DA AA AG GQ QN NT TG GE EL LF FF	YLQPRTFLL
155	CA AA AS SE EG GN NT TG GF FQ QK KL LV VF	CA AS SS SL LP PT TG GE ET TQ QY YF	TTDPSFLGRY
170	CA AA AG GP PG GG GA AD DG GL LT TF	CA AS SS SP PQ QG GV VT TQ QY YF	TTDPSFLGRY
585	CA AV VR RV VS SG GG GY YN NK KL LI IF	CA AI IS SG GD DP PT TG GV VN NN NE EQ QF FF	YLQPRTFLL
575	CA AL LS SG GT TS SY YD DK KV VI IF	CA AS SS SV VG GY YR RN NT TE EA AF FF	YLQPRTFLL
233	CA AV VW WD DN NQ QG GG GK KL LI IF	CS SV VE EE EA AG GS SY YE EQ QY YF	TTDPSFLGRY
132	CA AA AS SA AF FI IS SN NT TG GK KL LI IF	CA AS SS SD DD DG GT TG GI IE ET TQ QY YF	TTDPSFLGRY
537	CV VV VS SD DT TN NN NA AG GN NM ML LT TF	CA AS SK KE ER RG GY YY YN NE EQ QF FF	YLQPRTFLL
168	CA AL LS SD DN NQ QG GN NL LI IF	CA AS SS SY YP PR RR RS SS SS SY YN NE EQ QF FF	TTDPSFLGRY
105	CA AT TD DR RA AQ QK KL LV VF	CA AS SS SY YW WG GG GT TD DT TQ QY YF	LTDEMIAQY
