346	CAA AAA AAK AKG KGA GAQ AQK QKL KLV LVF	TTDPSFLGRY
460	CVV VVN VNR NRR RRD RDD DDM DMR MRF	YLQPRTFLL
204	CAM AMS MSA SAR ARS RSG SGY GYS YST STL TLT LTF	TTDPSFLGRY
406	CGA GAE AET ETS TSG SGS GSR SRL RLT LTF	YLQPRTFLL
172	CAL ALS LSG SGY GYT YTG TGG GGG GGN GNK NKL KLT LTF	TTDPSFLGRY
514	CVV VVN VNQ NQA QAD ADK DKL KLI LIF	YLQPRTFLL
199	CAA AAS ASV SVG VGY GYG YGG GGA GAT ATN TNK NKL KLI LIF	TTDPSFLGRY
304	CGP GPG PGG GGY GYN YNK NKL KLI LIF	TTDPSFLGRY
218	CAV AVR VRS RSR SRG RGN GNN NNR NRL RLA LAF	TTDPSFLGRY
156	CAV AVG VGL GLN LNT NTG TGT GTA TAS ASK SKL KLT LTF	TTDPSFLGRY
206	CAA AAS ASS SSG SGN GNT NTG TGK GKL KLI LIF	TTDPSFLGRY
161	CAA AAS ASL SLS LSL SLN LNS NSG SGY GYA YAL ALN LNF	TTDPSFLGRY
47	CAA AAR ARE REI EIG IGN GNQ NQF QFY FYF	LTDEMIAQY
231	CAA AAS ASD SDG DGN GNT NTG TGK GKL KLI LIF	TTDPSFLGRY
370	CAM AMR MRE REE EEY EYY YYG YGN GNN NNR NRL RLA LAF	TTDPSFLGRY
2	CAV AVR VRT RTS TSG SGT GTY TYK YKY KYI YIF	LTDEMIAQY
109	CAV AVR VRR RRR RRF RFL FLN LND NDM DMR MRF	LTDEMIAQY
585	CAV AVR VRV RVS VSG SGG GGY GYN YNK NKL KLI LIF	YLQPRTFLL
463	CVV VVN VNK NKE KED EDR DRL RLM LMF	YLQPRTFLL
349	CAM AMR MRA RAT ATA TAR ARQ RQL QLT LTF	TTDPSFLGRY
362	CVV VVN VNP NPV PVT VTG TGN GNT NTP TPL PLV LVF	TTDPSFLGRY
452	CLV LVG VGD GDT DTY TYS YSG SGA GAG AGS GSY SYQ YQL QLT LTF	YLQPRTFLL
263	CAP APH PHR HRR RRE REA EAG AGG GGS GSY SYI YIP IPT PTF	TTDPSFLGRY
29	CVV VVN VNI NIG IGS GST STL TLT LTF	LTDEMIAQY
264	CAL ALP LPL PLG LGE GED EDK DKI KII IIF	TTDPSFLGRY
25	CAA AAL ALG LGN GNQ NQF QFY FYF	LTDEMIAQY
175	CAG AGL GLI LIG IGF GFG FGN GNV NVL VLH LHC	TTDPSFLGRY
345	CAT ATD TDA DAN ANY NYG YGQ GQN QNF NFV FVF	TTDPSFLGRY
332	CAL ALD LDV DVS VSG SGS GSA SAR ARQ RQL QLT LTF	TTDPSFLGRY
559	CAV AVN VNT NTL TLM LMY MYS YSG SGG GGG GGA GAD ADG DGL GLT LTF	YLQPRTFLL
454	CVV VVN VNN NNN NNN NND NDM DMR MRF	YLQPRTFLL
461	CVV VVN VNE NEA EAD ADK DKL KLI LIF	YLQPRTFLL
364	CLV LVG VGD GDW DWG WGN GNY NYG YGQ GQN QNF NFV FVF	TTDPSFLGRY
428	CAV AVN VNS NSA SAD ADK DKL KLI LIF	YLQPRTFLL
294	CAV AVV VVP VPT PTF TFG FGG GGS GSY SYI YIP IPT PTF	TTDPSFLGRY
11	CAM AMS MSG SGR GRA RAG AGG GGT GTS TSY SYG YGK GKL KLT LTF	LTDEMIAQY
193	CIV IVR VRA RAL ALL LLG LGG GGY GYQ YQK QKV KVT VTF	TTDPSFLGRY
42	CAS ASA SAG AGG GGG GGN GNK NKL KLT LTF	LTDEMIAQY
45	CAV AVR VRG RGS GSP SPG PGT GTY TYK YKY KYI YIF	LTDEMIAQY
90	CAM AMR MRE REG EGP GPG PGA GAG AGS GSY SYQ YQL QLT LTF	LTDEMIAQY
389	CVV VVN VNK NKE KED EDR DRL RLM LMF	YLQPRTFLL
519	CAV AVP VPP PPG PGF GFQ FQK QKL KLV LVF	YLQPRTFLL
274	CAA AAV AVG VGG GGY GYQ YQK QKV KVT VTF	TTDPSFLGRY
8	CAE AEN ENI NIF IFS FSG SGG GGY GYN YNK NKL KLI LIF	LTDEMIAQY
382	CAL ALH LHD HDY DYK YKL KLS LSF	TTDPSFLGRY
368	CAG AGP GPK PKN KNT NTG TGN GNQ NQF QFY FYF	TTDPSFLGRY
31	CAV AVR VRD RDG DGG GGF GFG FGN GNV NVL VLH LHC	LTDEMIAQY
76	CAA AAR ARN RNH NHM HMN MNY NYG YGG GGS GSQ SQG QGN GNL NLI LIF	LTDEMIAQY
77	CAC ACN CNT NTG TGN GNQ NQF QFY FYF	LTDEMIAQY
16	CAV AVN VND NDA DAG AGG GGT GTS TSY SYG YGK GKL KLT LTF	LTDEMIAQY
0	CAV AVD VDI DIR IRA RAG AGN GNM NML MLT LTF	LTDEMIAQY
129	CAG AGA GAA AAG AGN GNK NKL KLT LTF	LTDEMIAQY
469	CVV VVN VNE NEG EGD GDK DKL KLI LIF	YLQPRTFLL
6	CAA AAN ANS NSG SGY GYA YAL ALN LNF	LTDEMIAQY
265	CAM AMR MRE REF EFS FSN SND NDY DYK YKL KLS LSF	TTDPSFLGRY
473	CVV VVN VNR NRV RVD VDG DGY GYA YAL ALN LNF	YLQPRTFLL
339	CAV AVP VPN PNF NFG FGN GNE NEK EKL KLT LTF	TTDPSFLGRY
380	CAV AVE VER ERN RNA NAG AGN GNM NML MLT LTF	TTDPSFLGRY
221	CAE AES ESK SKS KSG SGY GYN YNK NKL KLI LIF	TTDPSFLGRY
138	CAS ASP SPN PNY NYG YGN GNM NML MLT LTF	TTDPSFLGRY
101	CAA AAS ASN SNQ NQA QAG AGT GTA TAL ALI LIF	LTDEMIAQY
305	CLV LVG VGG GGG GGF GFK FKT KTI TIF	TTDPSFLGRY
79	CAV AVP VPS PSG SGY GYA YAL ALN LNF	LTDEMIAQY
247	CAM AMR MRE REG EGS GSG SGG GGF GFG FGN GNV NVL VLH LHC	TTDPSFLGRY
520	CAL ALS LSG SGL GLI LIQ IQG QGG GGS GSE SEK EKL KLV LVF	YLQPRTFLL
388	CAG AGD GDG DGN GNF NFG FGN GNE NEK EKL KLT LTF	YLQPRTFLL
211	CAA AAR ARR RRW RWA WAI AIG IGA GAG AGK GKS KST STF	TTDPSFLGRY
233	CAV AVW VWD WDN DNQ NQG QGG GGK GKL KLI LIF	TTDPSFLGRY
201	CAL ALM LMG MGS GSQ SQG QGN GNL NLI LIF	TTDPSFLGRY
327	CAA AAL ALM LMG MGN GNQ NQF QFY FYF	TTDPSFLGRY
84	CVV VVR VRG RGF GFQ FQK QKL KLV LVF	LTDEMIAQY
116	CAV AVR VRY RYR YRG RGS GST STL TLG LGR GRL RLY LYF	LTDEMIAQY
243	CAA AAS ASI SIG IGY GYS YST STL TLT LTF	TTDPSFLGRY
356	CAL ALN LNA NAG AGN GNM NML MLT LTF	TTDPSFLGRY
541	CAV AVR VRD RDR DRG RGS GSQ SQG QGN GNL NLI LIF	YLQPRTFLL
530	CVV VVN VNK NKE KEN ENN NNL NLF LFF	YLQPRTFLL
190	CAE AEF EFT FTR TRQ RQA QAG AGT GTA TAL ALI LIF	TTDPSFLGRY
91	CAV AVS VSP SPS PSE SEG EGT GTY TYK YKY KYI YIF	LTDEMIAQY
481	CAA AAS ASG SGG GGG GGG GGG GGA GAD ADG DGL GLT LTF	YLQPRTFLL
150	CVG VGT GTP TPD PDY DYQ YQL QLI LIW	TTDPSFLGRY
75	CAA AAR ARP RPG PGA GAD ADK DKL KLI LIF	LTDEMIAQY
408	CAM AMW MWG WGS GSR SRN RNA NAG AGN GNN NNR NRK RKL KLI LIW	YLQPRTFLL
323	CAA AAA AAT ATD TDS DSW SWG WGK GKL KLQ LQF	TTDPSFLGRY
552	CVV VVN VNN NNN NNN NND NDM DMR MRF	YLQPRTFLL
429	CAT ATA TAS ASG SGG GGG GGA GAD ADG DGL GLT LTF	YLQPRTFLL
41	CAV AVN VNV NVG VGG GGG GGS GSN SNY NYK YKL KLT LTF	LTDEMIAQY
170	CAA AAG AGP GPG PGG GGA GAD ADG DGL GLT LTF	TTDPSFLGRY
582	CAP APN PNA NAG AGG GGT GTS TSY SYG YGK GKL KLT LTF	YLQPRTFLL
497	CVV VVN VNM NMP MPG PGA GAG AGS GSY SYQ YQL QLT LTF	YLQPRTFLL
485	CVV VVG VGT GTG TGG GGG GGN GNK NKL KLT LTF	YLQPRTFLL
553	CAG AGN GNQ NQG QGG GGK GKL KLI LIF	YLQPRTFLL
451	CAV AVN VNM NMR MRR RRD RDD DDK DKI KII IIF	YLQPRTFLL
568	CAA AAS ASE SEG EGG GGG GGS GST STL TLG LGR GRL RLY LYF	YLQPRTFLL
44	CAF AFM FMK MKP KPK PKN KNY NYG YGG GGS GSQ SQG QGN GNL NLI LIF	LTDEMIAQY
178	CAA AAS ASE SEG EGD GDS DSN SNY NYQ YQL QLI LIW	TTDPSFLGRY
377	CAE AEA EAA AAP APT PTG TGT GTA TAS ASK SKL KLT LTF	TTDPSFLGRY
67	CAV AVG VGA GAY AYN YNQ NQG QGG GGK GKL KLI LIF	LTDEMIAQY
159	CAM AMS MST STG TGN GNN NNA NAR ARL RLM LMF	TTDPSFLGRY
369	CAL ALS LSA SAN ANQ NQA QAG AGT GTA TAL ALI LIF	TTDPSFLGRY
113	CAV AVR VRD RDI DIS ISD SDG DGQ GQK QKL KLL LLF	LTDEMIAQY
123	CAV AVV VVR VRS RSG SGT GTY TYK YKY KYI YIF	LTDEMIAQY
539	CIP IPI PIS ISG SGG GGY GYN YNK NKL KLI LIF	YLQPRTFLL
66	CAL ALR LRS RSN SNY NYQ YQL QLI LIW	LTDEMIAQY
486	CVV VVN VNM NME MED EDK DKL KLV LVF	YLQPRTFLL
72	CAV AVG VGG GGG GGA GAD ADG DGL GLT LTF	LTDEMIAQY
384	CAM AMR MRE REK EKN KNQ NQG QGG GGK GKL KLI LIF	TTDPSFLGRY
337	CAV AVA VAG AGR GRN RNT NTG TGR GRR RRA RAL ALT LTF	TTDPSFLGRY
232	CAA AAS ASA SAG AGP GPI PIG IGF GFG FGN GNV NVL VLH LHC	TTDPSFLGRY
466	CVV VVN VNR NRE RED EDM DML MLT LTF	YLQPRTFLL
185	CAM AMR MRE REG EGL GLG LGS GSG SGG GGS GSN SNY NYK YKL KLT LTF	TTDPSFLGRY
267	CAT ATD TDP DPT PTL TLN LNT NTG TGN GNQ NQF QFY FYF	TTDPSFLGRY
216	CAM AMR MRV RVW VWG WGN GNN NNN NND NDM DMR MRF	TTDPSFLGRY
250	CAV AVF VFS FSG SGN GNT NTG TGK GKL KLI LIF	TTDPSFLGRY
442	CVV VVN VNE NEN ENN NND NDM DMR MRF	YLQPRTFLL
496	CAV AVN VNT NTG TGF GFQ FQK QKL KLV LVF	YLQPRTFLL
410	CAM AMR MRE RET ETN TNF NFG FGN GNE NEK EKL KLT LTF	YLQPRTFLL
301	CAL ALF LFS FSS SSG SGN GNQ NQF QFY FYF	TTDPSFLGRY
538	CAV AVE VEV EVY VYS YSG SGG GGG GGA GAD ADG DGL GLT LTF	YLQPRTFLL
397	CAV AVT VTN TNS NSN SNY NYQ YQL QLI LIW	YLQPRTFLL
279	CAV AVR VRD RDR DRW RWD WDD DDY DYK YKL KLS LSF	TTDPSFLGRY
280	CAM AMS MSL SLG LGS GSF SFG FGN GNV NVL VLH LHC	TTDPSFLGRY
152	CAL ALS LSP SPW PWV WVG VGS GSQ SQG QGN GNL NLI LIF	TTDPSFLGRY
23	CAV AVD VDL DLS LSG SGS GSA SAR ARQ RQL QLT LTF	LTDEMIAQY
447	CAC ACN CNA NAG AGN GNM NML MLT LTF	YLQPRTFLL
1	CGT GTE TEL ELR LRG RGK GKL KLI LIF	LTDEMIAQY
61	CAV AVG VGT GTN TNY NYG YGN GNN NNR NRL RLA LAF	LTDEMIAQY
238	CAE AEN ENS NSG SGG GGA GAT ATN TNK NKL KLI LIF	TTDPSFLGRY
566	CAV AVA VAN ANQ NQA QAG AGT GTA TAL ALI LIF	YLQPRTFLL
420	CAV AVM VMD MDS DSN SNY NYQ YQL QLI LIW	YLQPRTFLL
324	CAL ALS LSG SGT GTG TGN GNQ NQF QFY FYF	TTDPSFLGRY
464	CVV VVN VNS NSA SAD ADK DKL KLI LIF	YLQPRTFLL
271	CAE AEV EVN VNG NGG GGS GSQ SQG QGN GNL NLI LIF	TTDPSFLGRY
24	CAL ALS LSA SAL ALN LNT NTG TGG GGF GFK FKT KTI TIF	LTDEMIAQY
104	CAT ATP TPR PRS RSG SGG GGS GSY SYI YIP IPT PTF	LTDEMIAQY
78	CAN ANG NGE GEG EGS GSQ SQG QGN GNL NLI LIF	LTDEMIAQY
550	CAA AAR ARE REG EGT GTG TGN GNQ NQF QFY FYF	YLQPRTFLL
321	CAL ALR LRT RTG TGN GNQ NQF QFY FYF	TTDPSFLGRY
4	CAR ARQ RQA QAG AGN GNM NML MLT LTF	LTDEMIAQY
36	CAV AVR VRG RGG GGQ GQK QKL KLL LLF	LTDEMIAQY
318	CAV AVK VKS KSL SLD LDT DTG TGR GRR RRA RAL ALT LTF	TTDPSFLGRY
65	CAV AVR VRG RGG GGS GSG SGT GTY TYK YKY KYI YIF	LTDEMIAQY
412	CAV AVN VNE NED EDD DDK DKI KII IIF	YLQPRTFLL
430	CAA AAS ASI SIK IKA KAG AGS GSA SAR ARQ RQL QLT LTF	YLQPRTFLL
5	CAA AAN ANT NTG TGN GNQ NQF QFY FYF	LTDEMIAQY
63	CIV IVP VPR PRG RGG GGA GAD ADG DGL GLT LTF	LTDEMIAQY
59	CAG AGR GRT RTN TNA NAG AGK GKS KST STF	LTDEMIAQY
419	CAV AVN VNR NRD RDD DDK DKI KII IIF	YLQPRTFLL
60	CAV AVR VRV RVD VDS DSN SNY NYQ YQL QLI LIW	LTDEMIAQY
411	CAV AVN VNG NGL GLG LGM GMG MGG GGG GGA GAD ADG DGL GLT LTF	YLQPRTFLL
476	CAV AVR VRD RDA DAS ASG SGA GAA AAG AGN GNK NKL KLT LTF	YLQPRTFLL
574	CAT ATE TEE EET ETS TSG SGS GSR SRL RLT LTF	YLQPRTFLL
230	CAP APP PPD PDS DSS SSY SYK YKL KLI LIF	TTDPSFLGRY
564	CAA AAY AYS YSG SGG GGG GGA GAD ADG DGL GLT LTF	YLQPRTFLL
433	CVV VVN VNR NRA RAD ADK DKL KLI LIF	YLQPRTFLL
558	CAL ALG LGG GGS GSN SND NDY DYK YKL KLS LSF	YLQPRTFLL
261	CVV VVN VNP NPL PLG LGS GSG SGG GGY GYN YNK NKL KLI LIF	TTDPSFLGRY
283	CAE AES ESR SRT RTG TGN GNT NTP TPL PLV LVF	TTDPSFLGRY
26	CAY AYR YRS RSS SSN SNY NYQ YQL QLI LIW	LTDEMIAQY
244	CLV LVG VGD GDT DTG TGT GTG TGG GGF GFK FKT KTI TIF	TTDPSFLGRY
465	CAM AMR MRE REG EGN GNN NNY NYG YGQ GQN QNF NFV FVF	YLQPRTFLL
396	CAV AVS VSE SEP EPS PSA SAG AGK GKS KST STF	YLQPRTFLL
88	CAF AFM FMR MRG RGD GDG DGQ GQK QKL KLL LLF	LTDEMIAQY
117	CAM AMR MRE REA EAD ADS DSS SSG SGS GSA SAR ARQ RQL QLT LTF	LTDEMIAQY
467	CAA AAS ASY SYD YDS DSG SGA GAG AGS GSY SYQ YQL QLT LTF	YLQPRTFLL
453	CVV VVN VND NDA DAA AAA AAG AGN GNK NKL KLT LTF	YLQPRTFLL
535	CAV AVN VNG NGF GFS FSG SGG GGY GYN YNK NKL KLI LIF	YLQPRTFLL
418	CVV VVN VNR NRA RAD ADK DKL KLV LVF	YLQPRTFLL
586	CAV AVP VPH PHP HPS PSN SNF NFG FGN GNE NEK EKL KLT LTF	YLQPRTFLL
352	CAM AMS MSH SHS HSG SGA GAG AGS GSY SYQ YQL QLT LTF	TTDPSFLGRY
95	CAT ATM TMG MGF GFG FGN GNV NVL VLH LHC	LTDEMIAQY
365	CAE AES ESL SLG LGG GGY GYN YNK NKL KLI LIF	TTDPSFLGRY
309	CAV AVG VGD GDA DAS ASG SGG GGS GSY SYI YIP IPT PTF	TTDPSFLGRY
529	CAE AEK EKR KRS RSS SSG SGD GDK DKL KLT LTF	YLQPRTFLL
13	CAV AVN VNS NSG SGG GGS GSN SNY NYK YKL KLT LTF	LTDEMIAQY
546	CAV AVS VSG SGG GGG GGA GAD ADG DGL GLT LTF	YLQPRTFLL
70	CAL ALS LSP SPP PPG PGS GSR SRL RLT LTF	LTDEMIAQY
507	CAG AGG GGS GSQ SQG QGN GNL NLI LIF	YLQPRTFLL
236	CIL ILP LPL PLL LLG LGG GGT GTS TSY SYG YGK GKL KLT LTF	TTDPSFLGRY
96	CAV AVR VRP RPG PGT GTY TYK YKY KYI YIF	LTDEMIAQY
501	CVV VVN VND NDR DRD RDR DRL RLM LMF	YLQPRTFLL
141	CAE AES ESR SRG RGN GNT NTG TGF GFQ FQK QKL KLV LVF	TTDPSFLGRY
124	CAT ATD TDI DIV IVR VRE REG EGG GGS GSE SEK EKL KLV LVF	LTDEMIAQY
425	CVV VVN VNK NKD KDD DDK DKI KII IIF	YLQPRTFLL
515	CVV VVT VTG TGG GGG GGN GNK NKL KLT LTF	YLQPRTFLL
215	CAV AVH VHS HSG SGY GYS YST STL TLT LTF	TTDPSFLGRY
176	CAF AFM FMK MKP KPP PPY PYG YGN GNY NYQ YQL QLI LIW	TTDPSFLGRY
436	CAP APP PPP PPR PRG RGK GKS KST STF	YLQPRTFLL
307	CAT ATG TGF GFS FSG SGG GGY GYN YNK NKL KLI LIF	TTDPSFLGRY
342	CVL VLR LRD RDA DAG AGN GNM NML MLT LTF	TTDPSFLGRY
120	CAM AMR MRD RDN DNY NYQ YQL QLI LIW	LTDEMIAQY
542	CAV AVI VIN INS NSG SGY GYS YST STL TLT LTF	YLQPRTFLL
421	CVV VVN VNK NKE KED EDD DDM DMR MRF	YLQPRTFLL
502	CAA AAI AIG IGA GAD ADG DGL GLT LTF	YLQPRTFLL
205	CAL ALG LGG GGS GSQ SQG QGN GNL NLI LIF	TTDPSFLGRY
526	CAV AVI VIG IGG GGS GSQ SQG QGN GNL NLI LIF	YLQPRTFLL
28	CGA GAS ASL SLA LAG AGS GSA SAR ARQ RQL QLT LTF	LTDEMIAQY
317	CAV AVD VDP DPS PSN SNS NSG SGY GYA YAL ALN LNF	TTDPSFLGRY
311	CGA GAN ANG NGA GAN ANN NNL NLF LFF	TTDPSFLGRY
51	CAT ATD TDY DYR YRG RGG GGQ GQK QKL KLL LLF	LTDEMIAQY
508	CVV VVN VNR NRN RNN NND NDM DMR MRF	YLQPRTFLL
361	CAV AVV VVF VFS FSG SGG GGY GYN YNK NKL KLI LIF	TTDPSFLGRY
401	CVV VVK VKN KNR NRD RDD DDK DKI KII IIF	YLQPRTFLL
154	CAR ARK RKG KGG GGS GST STD TDK DKL KLI LIF	TTDPSFLGRY
320	CAA AAI AIL ILG LGF GFG FGN GNE NEK EKL KLT LTF	TTDPSFLGRY
328	CAV AVS VSA SAI AIS ISN SNF NFG FGN GNE NEK EKL KLT LTF	TTDPSFLGRY
22	CAL ALS LSN SNA NAG AGG GGT GTS TSY SYG YGK GKL KLT LTF	LTDEMIAQY
37	CAS ASD SDN DNA NAG AGN GNN NNR NRK RKL KLI LIW	LTDEMIAQY
281	CVV VVN VNA NAP APS PSG SGG GGY GYN YNK NKL KLI LIF	TTDPSFLGRY
136	CVG VGG GGG GGA GAD ADG DGL GLT LTF	TTDPSFLGRY
334	CIL ILR LRG RGG GGG GGG GGT GTS TSY SYG YGK GKL KLT LTF	TTDPSFLGRY
517	CVV VVN VNE NEY EYD YDD DDM DMR MRF	YLQPRTFLL
443	CAV AVR VRS RSS SSG SGG GGS GSY SYI YIP IPT PTF	YLQPRTFLL
128	CAV AVR VRG RGG GGD GDM DMR MRF	LTDEMIAQY
338	CAV AVR VRS RSS SSG SGG GGS GSY SYI YIP IPT PTF	TTDPSFLGRY
554	CVV VVN VNA NAG AGD GDK DKL KLT LTF	YLQPRTFLL
375	CAM AMR MRE REW EWN WND NDK DKI KII IIF	TTDPSFLGRY
399	CAV AVQ VQD QDL DLG LGT GTS TSG SGS GSR SRL RLT LTF	YLQPRTFLL
534	CLV LVG VGE GEN ENF NFN FNK NKF KFY FYF	YLQPRTFLL
499	CAL ALN LND NDY DYK YKL KLS LSF	YLQPRTFLL
179	CAM AMS MSR SRN RND NDY DYK YKL KLS LSF	TTDPSFLGRY
56	CAG AGN GNA NAG AGN GNM NML MLT LTF	LTDEMIAQY
140	CAM AMR MRD RDW DWA WAL ALT LTG TGG GGG GGN GNK NKL KLT LTF	TTDPSFLGRY
35	CAA AAN ANS NSG SGY GYA YAL ALN LNF	LTDEMIAQY
498	CAA AAS ASG SGL GLK LKM KMD MDS DSS SSY SYK YKL KLI LIF	YLQPRTFLL
351	CAV AVP VPA PAG AGT GTA TAL ALI LIF	TTDPSFLGRY
350	CAL ALS LSG SGP GPT PTG TGT GTA TAS ASK SKL KLT LTF	TTDPSFLGRY
449	CAV AVR VRD RDL DLN LNM NMD MDT DTG TGR GRR RRA RAL ALT LTF	YLQPRTFLL
249	CAE AEW EWT WTG TGG GGY GYQ YQK QKV KVT VTF	TTDPSFLGRY
100	CAV AVR VRE RER ERG RGG GGY GYN YNK NKL KLI LIF	LTDEMIAQY
302	CAV AVK VKL KLK LKR KRR RRG RGQ GQN QNF NFV FVF	TTDPSFLGRY
303	CAL ALS LSA SAG AGR GRR RRA RAL ALT LTF	TTDPSFLGRY
316	CAL ALS LSE SEA EAS ASH SHL HLF LFQ FQG QGA GAQ AQK QKL KLV LVF	TTDPSFLGRY
194	CAT ATG TGG GGD GDS DSG SGA GAG AGS GSY SYQ YQL QLT LTF	TTDPSFLGRY
208	CAV AVR VRA RAL ALI LIG IGF GFG FGN GNV NVL VLH LHC	TTDPSFLGRY
103	CAH AHA HAG AGG GGT GTS TSY SYG YGK GKL KLT LTF	LTDEMIAQY
590	CAL ALT LTY TYS YSG SGG GGY GYN YNK NKL KLI LIF	YLQPRTFLL
112	CAG AGA GAL ALE LET ETS TSG SGS GSR SRL RLT LTF	LTDEMIAQY
97	CAV AVR VRP RPR PRG RGE GEW EWR WRS RSG SGT GTY TYK YKY KYI YIF	LTDEMIAQY
423	CVV VVN VNG NGG GGD GDK DKI KII IIF	YLQPRTFLL
273	CAA AAS ASE SEG EGQ GQK QKL KLL LLF	TTDPSFLGRY
570	CVV VVN VNR NRD RDD DDK DKI KII IIF	YLQPRTFLL
30	CAA AAN ANT NTG TGN GNQ NQF QFY FYF	LTDEMIAQY
543	CAL ALS LSV SVG VGT GTG TGA GAN ANN NNL NLF LFF	YLQPRTFLL
107	CAL ALT LTN TNA NAG AGG GGT GTS TSY SYG YGK GKL KLT LTF	LTDEMIAQY
82	CAV AVR VRG RGG GGQ GQK QKL KLL LLF	LTDEMIAQY
589	CAG AGQ GQL QLR LRG RGG GGS GSE SEK EKL KLV LVF	YLQPRTFLL
14	CAF AFM FMK MKT KTG TGA GAN ANS NSK SKL KLT LTF	LTDEMIAQY
177	CAM AMR MRD RDA DAG AGG GGG GGA GAD ADG DGL GLT LTF	TTDPSFLGRY
540	CAA AAS ASV SVG VGS GSN SNN NNN NND NDM DMR MRF	YLQPRTFLL
513	CVV VVN VNG NGA GAD ADK DKL KLI LIF	YLQPRTFLL
562	CVV VVN VNR NRY RYD YDD DDM DMR MRF	YLQPRTFLL
536	CVV VVN VNN NNE NED EDD DDM DMR MRF	YLQPRTFLL
374	CAL ALI LIL ILP LPY PYS YSG SGG GGG GGA GAD ADG DGL GLT LTF	TTDPSFLGRY
491	CVV VVN VNN NNN NNN NND NDM DMR MRF	YLQPRTFLL
329	CAV AVP VPN PNF NFG FGN GNE NEK EKL KLT LTF	TTDPSFLGRY
139	CAL ALS LSA SAG AGN GNQ NQF QFY FYF	TTDPSFLGRY
475	CGG GGN GNR NRD RDD DDK DKI KII IIF	YLQPRTFLL
34	CVA VAR ARM RMD MDS DSS SSY SYK YKL KLI LIF	LTDEMIAQY
298	CAA AAV AVG VGP GPT PTG TGT GTA TAS ASK SKL KLT LTF	TTDPSFLGRY
569	CIV IVR VRV RVP VPG PGP GPW PWS WSR SRG RGS GSN SNY NYK YKL KLT LTF	YLQPRTFLL
162	CAL ALG LGG GGS GSQ SQG QGN GNL NLI LIF	TTDPSFLGRY
127	CAM AMR MRS RSN SNY NYQ YQL QLI LIW	LTDEMIAQY
217	CAM AMR MRD RDW DWA WAL ALT LTG TGG GGG GGN GNK NKL KLT LTF	TTDPSFLGRY
573	CAV AVN VNA NAL ALD LDD DDY DYK YKL KLS LSF	YLQPRTFLL
246	CAA AAN ANS NSG SGG GGY GYQ YQK QKV KVT VTF	TTDPSFLGRY
551	CAL ALS LSE SEG EGT GTY TYN YNN NNN NND NDM DMR MRF	YLQPRTFLL
531	CAT ATR TRN RNT NTD TDK DKL KLI LIF	YLQPRTFLL
492	CVP VPR PRD RDT DTG TGR GRR RRA RAL ALT LTF	YLQPRTFLL
532	CVV VVN VNQ NQV QVP VPG PGY GYA YAL ALN LNF	YLQPRTFLL
253	CAL ALS LSD SDY DYN YNQ NQG QGG GGK GKL KLI LIF	TTDPSFLGRY
299	CAA AAS ASA SAQ AQG QGG GGA GAD ADG DGL GLT LTF	TTDPSFLGRY
424	CAR ARM RMD MDS DSN SNY NYQ YQL QLI LIW	YLQPRTFLL
239	CAG AGQ GQS QSN SNQ NQF QFY FYF	TTDPSFLGRY
427	CVV VVN VNG NGG GGD GDK DKI KII IIF	YLQPRTFLL
197	CAA AAS ASG SGG GGF GFG FGN GNE NEK EKL KLT LTF	TTDPSFLGRY
43	CAA AAL ALF LFT FTG TGG GGG GGN GNK NKL KLT LTF	LTDEMIAQY
89	CAV AVD VDF DFS FSG SGT GTY TYK YKY KYI YIF	LTDEMIAQY
315	CAL ALS LSD SDY DYS YSS SSG SGG GGS GSY SYI YIP IPT PTF	TTDPSFLGRY
403	CAV AVN VNM NMD MDD DDK DKI KII IIF	YLQPRTFLL
62	CAV AVR VRH RHR HRG RGG GGQ GQK QKL KLL LLF	LTDEMIAQY
68	CAV AVS VSS SSA SAR ARQ RQL QLT LTF	LTDEMIAQY
258	CAV AVR VRV RVP VPS PSG SGA GAG AGS GSY SYQ YQL QLT LTF	TTDPSFLGRY
545	CAQ AQD QDG DGQ GQN QNF NFV FVF	YLQPRTFLL
9	CAV AVR VRG RGG GGS GSG SGT GTY TYK YKY KYI YIF	LTDEMIAQY
248	CAM AMR MRD RDW DWE WEL ELT LTG TGG GGG GGN GNK NKL KLT LTF	TTDPSFLGRY
462	CAA AAI AIN IND NDY DYK YKL KLS LSF	YLQPRTFLL
306	CVV VVN VNR NRG RGG GGY GYS YST STL TLT LTF	TTDPSFLGRY
213	CVV VVN VNM NMD MDS DSN SNY NYQ YQL QLI LIW	TTDPSFLGRY
341	CAL ALS LSD SDV DVD VDM DMR MRF	TTDPSFLGRY
489	CAV AVG VGD GDN DNF NFN FNK NKF KFY FYF	YLQPRTFLL
111	CAG AGG GGH GHT HTP TPL PLV LVF	LTDEMIAQY
379	CAV AVP VPH PHF HFG FGN GNE NEK EKL KLT LTF	TTDPSFLGRY
441	CAG AGV GVG VGP GPS PSD SDS DSN SNY NYQ YQL QLI LIW	YLQPRTFLL
398	CAV AVN VNR NRD RDD DDK DKI KII IIF	YLQPRTFLL
157	CAA AAG AGA GAG AGT GTA TAS ASK SKL KLT LTF	TTDPSFLGRY
493	CAL ALS LSE SED EDY DYD YDY DYK YKL KLS LSF	YLQPRTFLL
504	CVV VVN VND NDG DGN GNK NKL KLV LVF	YLQPRTFLL
69	CAM AMR MRS RSN SNY NYQ YQL QLI LIW	LTDEMIAQY
17	CIV IVR VRV RVF VFR FRK RKK KKG KGQ GQN QNF NFV FVF	LTDEMIAQY
322	CAL ALT LTG TGS GSQ SQG QGN GNL NLI LIF	TTDPSFLGRY
289	CAG AGQ GQP QPA PAG AGT GTA TAL ALI LIF	TTDPSFLGRY
158	CAF AFS FSS SSG SGN GNT NTP TPL PLV LVF	TTDPSFLGRY
544	CAE AER ERD RDN DND NDM DMR MRF	YLQPRTFLL
336	CAA AAS ASA SAE AEG EGN GNT NTG TGK GKL KLI LIF	TTDPSFLGRY
49	CAF AFM FMK MKL KLY LYN YNF NFN FNK NKF KFY FYF	LTDEMIAQY
587	CVV VVN VNN NNP NPD PDS DSG SGY GYA YAL ALN LNF	YLQPRTFLL
144	CAV AVQ VQR QRP RPP PPT PTD TDS DSW SWG WGK GKL KLQ LQF	TTDPSFLGRY
80	CAT ATD TDG DGN GNN NNN NNA NAG AGN GNM NML MLT LTF	LTDEMIAQY
414	CVV VVN VNA NAP APS PSG SGN GNT NTP TPL PLV LVF	YLQPRTFLL
422	CAA AAS ASK SKG KGT GTG TGF GFQ FQK QKL KLV LVF	YLQPRTFLL
146	CAM AMR MRG RGY GYG YGG GGS GSQ SQG QGN GNL NLI LIF	TTDPSFLGRY
3	CAV AVP VPG PGN GNN NND NDM DMR MRF	LTDEMIAQY
92	CAA AAR ARG RGP GPS PSG SGY GYS YST STL TLT LTF	LTDEMIAQY
38	CVF VFY FYQ YQG QGG GGK GKL KLI LIF	LTDEMIAQY
165	CAL ALM LMT MTG TGN GNQ NQF QFY FYF	TTDPSFLGRY
203	CAV AVR VRT RTS TSG SGT GTY TYK YKY KYI YIF	TTDPSFLGRY
457	CVV VVN VNG NGN GNT NTD TDK DKL KLI LIF	YLQPRTFLL
135	CAP APA PAV AVY VYN YNF NFN FNK NKF KFY FYF	TTDPSFLGRY
240	CAL ALS LSG SGN GNT NTD TDK DKL KLI LIF	TTDPSFLGRY
378	CAA AAN ANR NRL RLG LGG GGT GTS TSY SYG YGK GKL KLT LTF	TTDPSFLGRY
237	CAV AVK VKE KER ERH RHS HSS SSA SAS ASK SKI KII IIF	TTDPSFLGRY
548	CVV VVN VNN NNA NAD ADK DKL KLI LIF	YLQPRTFLL
480	CAF AFF FFP FPR PRS RSS SST STL TLG LGR GRL RLY LYF	YLQPRTFLL
528	CAA AAS ASN SNS NSQ SQE QET ETS TSG SGS GSR SRL RLT LTF	YLQPRTFLL
98	CAG AGR GRN RNA NAG AGK GKS KST STF	LTDEMIAQY
505	CAA AAS ASL SLN LNN NNF NFN FNK NKF KFY FYF	YLQPRTFLL
335	CAR ARG RGG GGA GAT ATN TNK NKL KLI LIF	TTDPSFLGRY
386	CAV AVR VRG RGT GTG TGR GRR RRA RAL ALT LTF	YLQPRTFLL
55	CVV VVN VNA NAR ARG RGY GYD YDK DKV KVI VIF	LTDEMIAQY
228	CVV VVF VFP FPG PGS GSA SAR ARQ RQL QLT LTF	TTDPSFLGRY
591	CAP APG PGR GRI RIQ IQG QGA GAQ AQK QKL KLV LVF	YLQPRTFLL
272	CAV AVN VNS NSG SGG GGY GYQ YQK QKV KVT VTF	TTDPSFLGRY
46	CAE AES EST STG TGG GGA GAG AGK GKS KST STF	LTDEMIAQY
340	CAT ATD TDG DGD GDS DSG SGY GYA YAL ALN LNF	TTDPSFLGRY
391	CVV VVN VNR NRN RNN NND NDM DMR MRF	YLQPRTFLL
147	CLV LVG VGD GDP DPR PRG RGG GGY GYN YNK NKL KLI LIF	TTDPSFLGRY
143	CAL ALS LSE SEG EGR GRA RAY AYG YGG GGS GSQ SQG QGN GNL NLI LIF	TTDPSFLGRY
500	CVV VVN VNR NRR RRD RDD DDM DMR MRF	YLQPRTFLL
196	CAV AVT VTD TDS DSN SNY NYQ YQL QLI LIW	TTDPSFLGRY
262	CAL ALD LDT DTG TGN GNQ NQF QFY FYF	TTDPSFLGRY
549	CAM AMS MSG SGY GYK YKL KLS LSF	YLQPRTFLL
81	CAV AVR VRD RDE DED EDD DDK DKI KII IIF	LTDEMIAQY
110	CAV AVN VNT NTG TGN GNQ NQF QFY FYF	LTDEMIAQY
487	CAV AVN VNA NAA AAG AGG GGG GGA GAD ADG DGL GLT LTF	YLQPRTFLL
509	CAV AVK VKD KDT DTD TDK DKL KLI LIF	YLQPRTFLL
241	CAV AVR VRD RDR DRM RMN MNR NRD RDD DDK DKI KII IIF	TTDPSFLGRY
163	CAE AES ESL SLG LGG GGY GYS YST STL TLT LTF	TTDPSFLGRY
367	CAA AAS ASG SGG GGS GSY SYI YIP IPT PTF	TTDPSFLGRY
202	CAG AGG GGA GAD ADK DKL KLI LIF	TTDPSFLGRY
326	CAL ALS LSE SED EDG DGT GTG TGG GGF GFK FKT KTI TIF	TTDPSFLGRY
142	CAM AME MET ETG TGN GNQ NQF QFY FYF	TTDPSFLGRY
225	CAM AMS MSA SAI AIE IET ETS TSG SGS GSR SRL RLT LTF	TTDPSFLGRY
533	CAV AVK VKD KDK DKL KLI LIF	YLQPRTFLL
32	CAL ALR LRI RIY IYN YNQ NQG QGG GGK GKL KLI LIF	LTDEMIAQY
404	CAV AVS VSR SRS RSR SRG RGG GGF GFG FGN GNV NVL VLH LHC	YLQPRTFLL
438	CAV AVT VTP TPL PLY LYG YGG GGS GSQ SQG QGN GNL NLI LIF	YLQPRTFLL
395	CVV VVN VNT NTG TGL GLT LTG TGG GGG GGN GNK NKL KLT LTF	YLQPRTFLL
259	CAV AVL VLS LSG SGN GNT NTG TGK GKL KLI LIF	TTDPSFLGRY
479	CAG AGG GGD GDN DNF NFN FNK NKF KFY FYF	YLQPRTFLL
560	CAG AGL GLN LND NDY DYK YKL KLS LSF	YLQPRTFLL
355	CVV VVG VGT GTG TGF GFQ FQK QKL KLV LVF	TTDPSFLGRY
521	CAG AGV GVT VTG TGG GGG GGN GNK NKL KLT LTF	YLQPRTFLL
145	CAA AAG AGG GGS GSQ SQG QGN GNL NLI LIF	TTDPSFLGRY
153	CAV AVP VPA PAF AFG FGN GNE NEK EKL KLT LTF	TTDPSFLGRY
192	CAL ALG LGG GGS GSQ SQG QGN GNL NLI LIF	TTDPSFLGRY
108	CAT ATD TDG DGA GAQ AQK QKL KLV LVF	LTDEMIAQY
468	CAG AGL GLN LNY NYG YGG GGS GSQ SQG QGN GNL NLI LIF	YLQPRTFLL
525	CAT ATD TDD DDR DRG RGA GAQ AQK QKL KLV LVF	YLQPRTFLL
148	CAM AMS MSD SDL DLT LTG TGT GTA TAS ASK SKL KLT LTF	TTDPSFLGRY
234	CAA AAS ASV SVV VVS VSM SMD MDS DSS SSY SYK YKL KLI LIF	TTDPSFLGRY
296	CAV AVP VPS PSF SFG FGN GNE NEK EKL KLT LTF	TTDPSFLGRY
254	CVV VVS VSD SDQ DQE QEG EGA GAQ AQK QKL KLV LVF	TTDPSFLGRY
373	CAV AVS VSG SGY GYG YGN GNK NKL KLV LVF	TTDPSFLGRY
155	CAA AAS ASE SEG EGN GNT NTG TGF GFQ FQK QKL KLV LVF	TTDPSFLGRY
83	CAL ALS LSN SNS NSN SNS NSG SGY GYA YAL ALN LNF	LTDEMIAQY
226	CAV AVP VPT PTD TDS DSW SWG WGK GKL KLQ LQF	TTDPSFLGRY
260	CAV AVP VPN PNF NFG FGN GNE NEK EKL KLT LTF	TTDPSFLGRY
583	CAV AVR VRD RDS DSN SNY NYQ YQL QLI LIW	YLQPRTFLL
181	CAQ AQS QSN SNY NYK YKL KLT LTF	TTDPSFLGRY
224	CAF AFI FIR IRD RDY DYK YKL KLS LSF	TTDPSFLGRY
571	CVN VNM NMD MDS DSN SNY NYQ YQL QLI LIW	YLQPRTFLL
118	CAV AVR VRG RGG GGS GSG SGT GTY TYK YKY KYI YIF	LTDEMIAQY
220	CAA AAS ASQ SQD QDS DSW SWG WGK GKL KLQ LQF	TTDPSFLGRY
198	CAV AVA VAP APS PSL SLG LGF GFG FGN GNV NVL VLH LHC	TTDPSFLGRY
268	CGT GTG TGL GLA LAY AYN YNN NND NDM DMR MRF	TTDPSFLGRY
168	CAL ALS LSD SDN DNQ NQG QGN GNL NLI LIF	TTDPSFLGRY
325	CAV AVS VSL SLG LGN GNR NRL RLA LAF	TTDPSFLGRY
523	CVV VVN VNN NNN NNN NND NDM DMR MRF	YLQPRTFLL
282	CAA AAT ATP TPG PGS GSN SNY NYK YKL KLT LTF	TTDPSFLGRY
57	CAM AMR MRG RGS GSE SEN ENT NTG TGT GTA TAS ASK SKL KLT LTF	LTDEMIAQY
256	CAV AVG VGS GSM SMG MGG GGG GGY GYQ YQK QKV KVT VTF	TTDPSFLGRY
27	CAG AGR GRL RLL LLI LIY IYG YGQ GQN QNF NFV FVF	LTDEMIAQY
297	CAV AVA VAP APL PLR LRA RAD ADG DGQ GQK QKL KLL LLF	TTDPSFLGRY
291	CAM AMS MSP SPM PMG MGA GAG AGS GSY SYQ YQL QLT LTF	TTDPSFLGRY
407	CAF AFG FGD GDT DTG TGR GRR RRA RAL ALT LTF	YLQPRTFLL
212	CAM AMR MRG RGR GRK RKY KYN YNF NFN FNK NKF KFY FYF	TTDPSFLGRY
275	CAA AAL ALN LNT NTG TGN GNQ NQF QFY FYF	TTDPSFLGRY
405	CVV VVN VNQ NQA QAD ADK DKL KLS LSF	YLQPRTFLL
132	CAA AAS ASA SAF AFI FIS ISN SNT NTG TGK GKL KLI LIF	TTDPSFLGRY
579	CAV AVG VGS GSA SAK AKG KGS GST STG TGA GAN ANN NNL NLF LFF	YLQPRTFLL
287	CAA AAS ASI SIG IGL GLN LNT NTG TGN GNQ NQF QFY FYF	TTDPSFLGRY
94	CAK AKY KYN YNF NFN FNK NKF KFY FYF	LTDEMIAQY
584	CVV VVN VNK NKM KMD MDD DDM DMR MRF	YLQPRTFLL
184	CAV AVS VSE SEI EIA IAA AAG AGN GNK NKL KLT LTF	TTDPSFLGRY
471	CAA AAS ASG SGM GMD MDT DTG TGR GRR RRA RAL ALT LTF	YLQPRTFLL
522	CAT ATP TPG PGG GGQ GQK QKL KLV LVF	YLQPRTFLL
210	CAM AMI MIQ IQY QYN YNN NNN NND NDM DMR MRF	TTDPSFLGRY
511	CVV VVN VNR NRD RDD DDK DKI KII IIF	YLQPRTFLL
255	CAQ AQN QNS NSG SGG GGY GYQ YQK QKV KVT VTF	TTDPSFLGRY
371	CAA AAY AYM YMR MRF	TTDPSFLGRY
455	CVV VVN VNS NSF SFD FDK DKL KLI LIF	YLQPRTFLL
331	CAV AVP VPF PFS FSG SGG GGY GYN YNK NKL KLI LIF	TTDPSFLGRY
74	CAY AYT YTS TSG SGG GGS GSN SNY NYK YKL KLT LTF	LTDEMIAQY
413	CVV VVN VNK NKE KED EDD DDM DMR MRF	YLQPRTFLL
310	CLV LVG VGD GDI DIP IPP PPM PMK MKL KLI LIF	TTDPSFLGRY
506	CAL ALS LSG SGQ GQV QVQ VQD QDQ DQG QGG GGS GSE SEK EKL KLV LVF	YLQPRTFLL
242	CAV AVL VLG LGG GGG GGG GGA GAD ADG DGL GLT LTF	TTDPSFLGRY
319	CAL ALG LGG GGT GTS TSY SYG YGK GKL KLT LTF	TTDPSFLGRY
171	CAS ASG SGG GGS GSQ SQG QGN GNL NLI LIF	TTDPSFLGRY
358	CAL ALS LST STS TSQ SQG QGN GNL NLI LIF	TTDPSFLGRY
581	CAV AVR VRP RPF PFL FLL LLS LSG SGG GGY GYN YNK NKL KLI LIF	YLQPRTFLL
483	CAV AVS VSF SFQ FQT QTG TGA GAN ANN NNL NLF LFF	YLQPRTFLL
227	CVV VVN VNA NAP APR PRF RFW FWT WTG TGG GGY GYQ YQK QKV KVT VTF	TTDPSFLGRY
477	CVV VVN VNV NVR VRD RDR DRL RLM LMF	YLQPRTFLL
